Ngày,PC1,PC2,PC3,PC4,PC5,PC6,PC7,PC8,PC9,PC10,PC11
2022-01-04,27.28191632207419,1.7688359102798483,-6.596815525400556,-3.6777252573745027,1.2630122467245015,-1.0492180046451267,1.8233408517805265,-2.1984132572916764,-1.0802477733842175,-0.5430444943287367,0.17362999833511306
2022-01-05,27.473639756049934,1.8682865358978944,-6.566429187770314,-3.778397085494131,1.4687119043479853,-1.1713444691990011,1.8748136355844205,-1.8668076967990799,-1.0210287178486386,-0.3476145615483093,0.22575328141792772
2022-01-06,27.590390176723552,1.6100421110559964,-6.8752706603659455,-3.960997503002072,1.7383361837241438,-1.2218239723670843,1.9245126667030865,-2.3098890137244337,-1.037798851601221,-0.34094330311007887,-0.050212650951572346
2022-01-07,27.684072473076565,1.4809196072465198,-6.868172102764552,-4.206186608714385,2.061747086153516,-1.2461792163933474,1.9886911323792718,-2.0314179459835664,-1.1175654769943402,-0.15419499752088778,0.13851792665009133
2022-01-10,27.12242001757155,1.0145187349409506,-7.112183898432288,-4.215807761853808,1.7989320382488154,-1.4306446810201865,2.7108016523632585,-2.27411192369397,-0.9187357041230774,-0.5268898562802651,0.1258212566850525
2022-01-11,26.789178169407272,0.6685291879703144,-7.141686850813885,-4.489322396060688,1.9263031676452522,-1.4585349391266043,2.9308590931533005,-2.1888533451279906,-0.6722176723357256,-0.5736274918861299,0.4745096273915801
2022-01-12,26.975133638130774,0.7989570798145383,-7.408245106576578,-4.78240707221908,1.7490694836640015,-1.212972347433102,2.5858605587616013,-2.6915490091904335,-0.583403530727088,-0.1807445205976389,0.6826650011475417
2022-01-13,26.355398727242218,0.667355636569854,-7.030508699797435,-4.652874547763404,1.5251709655147647,-1.3515832986539649,3.2832919915746634,-2.4647402210768514,0.009991818276813946,0.153476543685723,0.7962158174413054
2022-01-14,26.333715885521777,0.7218229430248418,-7.215139651140609,-4.706508093285551,1.3862452638747964,-1.1239627444504068,3.293969788849694,-3.0705148083520197,-0.21583566693446943,-0.017649839021590674,0.8319392438589989
2022-01-17,24.74365011659355,-0.26291542280230806,-6.941014885181796,-4.719706270116311,1.0725667171149296,-1.7905874996887554,4.494080963735347,-3.5139043343619445,0.15015979000798563,-0.27829284638611984,1.2544432045652
2022-01-18,23.79980221445271,-0.7608228600518935,-6.76584434016385,-4.405928993547043,0.7645709325011606,-2.126001797705726,4.810353998438904,-3.625967502638102,0.4988961466617149,0.19704367722416583,1.6147433154067798
2022-01-19,24.06797284126758,-0.6652820702075254,-6.558657788986693,-4.3285252136292796,0.8099456122632788,-1.9400846913282344,4.72684393904495,-3.427745282417539,0.3088684283500529,0.48853396086773393,1.704990523803362
2022-01-20,25.083341813719414,-0.09908459962989591,-6.800948961103337,-4.412634243963385,1.1012994391252302,-1.5568558931062277,4.0026788201181525,-3.493742462400945,-0.06427056264942221,0.5537789524338662,1.3883075662097681
2022-01-21,25.12766117121522,0.01237007044994265,-7.071528005549628,-4.248516786828596,1.085814754401322,-1.3215608639534149,3.753319197535489,-3.4501748077190277,0.20257847752021796,0.5910185752538266,1.260534120021421
2022-01-24,23.322265026267946,-0.7745863015005686,-6.937682198244238,-4.019812748590248,0.7682614901631096,-1.7161958201813086,4.766974661535959,-3.8699303487390417,0.6548624312684168,0.7797192453835267,1.7617323271366403
2022-01-25,23.856919271904154,-0.6730090057142533,-6.999357725986151,-4.0828669608965935,0.8695250598767348,-1.2388319850493956,4.283355732609485,-3.974229982358059,0.7575628556526314,0.9891058067872853,1.6544666447802743
2022-01-26,23.824767696669504,-0.690165016902414,-7.027405445758629,-4.192457638173256,0.6408677677295072,-0.8322828720471119,4.023029529636754,-3.675313173478385,1.025477225012384,1.3444599603260026,1.9852992924731203
2022-01-27,23.54435651821193,-0.924570768224043,-6.863953307652377,-4.192628763673478,0.5774993089320962,-0.7721389364374706,3.798257222507985,-3.7467539633642426,1.2334738299880308,1.6607397209393469,2.0286793400713954
2022-01-28,24.018626154876557,-0.5143107321738472,-6.804759971504214,-3.974622468045218,0.7325410413400755,-0.554360237425227,3.598789007627266,-3.427367063778573,1.5128072908909393,1.3786867540837497,1.8076099733931996
2022-02-07,25.223201988525478,-0.01919754802848317,-6.595544137475274,-3.741326295931769,1.0196874710575123,-0.23791161430820784,2.8074729693694227,-3.086440297321525,0.7337754376288339,1.7855523414031342,1.6261792953172685
2022-02-08,25.63349403079938,0.2729243221481038,-6.570558433205504,-3.5948757934500195,0.7747719062759635,0.1564299951944647,2.602995403235465,-2.772454902466919,0.5270973040848443,1.6154473763454278,1.43532051384665
2022-02-09,26.101412053203283,0.5599019576883918,-6.740462455793249,-3.601591789527136,0.7584938462140606,0.4880247447331061,2.365620087594762,-2.5095737716498565,0.3366981467893658,1.2450419320095807,1.2515806599853283
2022-02-10,26.29465844279964,0.5836124801931061,-6.6679045619330495,-3.7119060717100822,0.688643372859921,0.4244159900266324,2.1216626120122717,-2.4365673601981914,0.2511518538453089,1.3403864749776024,1.1729839252638463
2022-02-11,26.34093369234236,0.7200160167193339,-6.461068221555617,-3.8633855566401953,0.6088718455289106,0.3184761043487516,2.035255730508057,-2.4485125036902424,0.23691640455965257,1.0924276369777708,0.9543686953271459
2022-02-14,25.95197876823689,0.27952233847343627,-6.064842308197477,-3.352562388200486,0.2716884142640599,-0.11353436721354349,2.090713901405352,-1.7644615425326082,-0.21325766890051956,0.8936817756141515,1.0891963583251494
2022-02-15,26.24893621725986,0.17461811821946605,-6.285535378239817,-3.3435628743543995,0.6461834018213464,0.21398932463116183,1.7648477788096406,-1.8887351366036644,-0.13743854731489202,1.3190410021699002,0.9918209762693282
2022-02-16,26.67382298826546,0.3518201590102205,-6.2396326040554,-3.273600648636833,0.9067175169710253,0.3365308568038565,1.4055210636795528,-1.3894054191503271,-0.20295592899300297,0.9684428415272266,0.8319055089599031
2022-02-17,26.957269529261445,0.4144120017438603,-6.287774390801662,-3.5234700529958523,1.0408139584740617,0.7082632618625012,0.9081294105488101,-1.3672714085403244,-0.22368374214439868,1.2299794792409298,0.862353818604348
2022-02-18,27.216044910289213,0.7397025150722448,-6.14358453373116,-3.216699933247283,1.0131694960317366,0.4272646506299934,0.9367309347853638,-1.0000031854931333,-0.43744677118356223,1.0760114805449297,0.5482909925081751
2022-02-21,27.52261565653818,1.0305585093404632,-6.426422953231909,-3.009559994079037,1.0989314189906563,0.48385421914695426,0.5676681570280853,-1.0173869490309837,-0.6313961313664718,1.2546746514194658,0.05834693205291308
2022-02-22,27.375573528721723,0.9189115075796038,-6.342692624513839,-3.209716031432347,0.8732902381518884,0.6236172597451275,0.2862977537954747,-1.1524212919997527,-0.6124187180650738,1.2007185457378848,-0.10169207933515012
2022-02-23,27.81279080937832,1.2727091066361558,-6.208743030631745,-2.957988550775173,0.9386807677534021,0.6155135621376308,-0.17386562965163338,-0.7448269310667405,-0.9963939143682508,1.3817587099811974,-0.18726930343580195
2022-02-24,27.10336461464576,1.104092849904473,-5.741787943131411,-2.8996141601421903,0.7169961417664149,0.049797852371776447,-0.001482337805214659,-0.7947457025105434,-1.0946948396815088,1.3132136889067874,0.14130976158308006
2022-02-25,27.57101370173632,1.2773391869621555,-5.892983810299516,-3.027287199876672,0.8575628644213985,0.22089041252210465,-0.0197182602834175,-0.275979425816848,-0.8501496488254405,1.2262862243779349,-0.1820671612146052
2022-02-28,27.684312051786968,1.1070467318502195,-5.702976267178368,-3.107618706856402,0.9285530260891297,0.050278002845106556,-0.4248893055131539,0.1522916842499036,-0.8928133766393914,1.0072697874833973,-0.3516442265123929
2022-03-01,27.8733138393356,1.238327341939756,-5.790489020738453,-2.9862895903706943,1.0285865957444498,0.1319468166444523,-0.48104210676491604,-0.07837054404589444,-1.111215323400215,1.0899333838781051,-0.48475968951786785
2022-03-02,27.619285513037788,1.0479031069536129,-5.534255950123637,-2.876791365693781,1.001115423362319,-0.3982524123988971,-0.4807128636742332,0.4730074779600018,-1.2383423448455742,0.9267196114559217,-0.40116119132757055
2022-03-03,28.489068080614622,1.8245533389893562,-5.562143792891123,-2.9344027346900448,0.952723897627903,0.0494758264019885,-1.2297121630228824,1.020434513178209,-1.8027306281618711,0.8022203253148699,-0.6693394434054163
2022-03-04,28.69124978758125,1.8159525137711596,-5.519891632329828,-2.8999770360066384,0.868630075269678,0.2872767373377541,-1.2692898039916662,1.0432057142607631,-1.8178279651907026,0.8188167900957115,-0.9113145067136775
2022-03-07,29.091737033867147,1.9574414351818283,-5.318724495229187,-2.954794652234519,0.7412955953180711,0.3897257164268635,-2.256868563578641,1.882938467911879,-2.5273476935671937,0.8858498771142831,-1.0846141427554792
2022-03-08,28.417139016838256,1.3366247664305972,-5.37878153973655,-2.9094091631988177,0.5977238004423542,0.20889531667018257,-1.5487261104903856,1.9061576789626389,-2.2502037924844496,0.614990050125931,-0.8070667592774012
2022-03-09,28.578335924767345,1.8028594779878828,-4.967943794092408,-2.9828206193928883,0.4042555496523229,0.31486878157727327,-2.009392354912721,2.3854364261340533,-2.783773308716679,0.5337714993353553,-0.8703411961032619
2022-03-10,28.838028197671647,1.9264327113509276,-5.191413308921263,-2.802349068093171,0.39788678221061446,0.6377816134964087,-1.9490853761906521,2.569132436583458,-2.651811916055,0.3675579943432882,-1.2503468744524213
2022-03-11,28.610754641126064,1.7890988302719604,-5.276340066025629,-3.0026035965376585,0.43889003983704034,0.6642922052571192,-1.5922976382829688,2.8126898682055095,-2.282447918376625,-0.3181080460934571,-1.2671480864782372
2022-03-14,27.94910470511569,1.1295855512436601,-5.3176861571498915,-2.893094627574828,0.46670167524890893,0.5558708917450484,-0.3419764585122473,2.493359492762755,-1.4412539203683588,-0.15902035925026503,-1.3825362839368895
2022-03-15,28.120400488962126,1.011650552555699,-5.403646516731566,-2.9514037392342702,0.5199950293235092,0.5357341179561806,-0.8226541510893464,2.2872981369730305,-1.5672637707015018,-0.1128372792322545,-1.4534685094094277
2022-03-16,28.35151855288881,1.2421779145983582,-5.405359799846755,-2.984815038078759,0.4371006988836553,0.6864457035220906,-1.1033183477956967,2.638950204658558,-1.5192824405334715,-0.18488347166183616,-1.4740371810753952
2022-03-17,28.372879338744326,1.522967921282136,-5.3418463447562266,-2.9442899027199636,0.36511702463408335,0.9891647742862765,-0.8346381699701656,2.3205170482031074,-1.2298178259689345,-0.24618286501604159,-1.3981176238196875
2022-03-18,28.45480996424321,1.6213134304339132,-5.3604551298195044,-2.9221515533405467,0.23005095846013024,0.973256147106871,-1.0779684875197066,2.356143709200312,-1.2251241623589062,-0.05461547658231858,-1.1953590163330798
2022-03-21,28.723874574208388,1.406325386828998,-5.324443325622973,-2.7519450684955675,0.41322425106768346,0.8327154369931871,-1.958772023876115,2.2346445438236393,-1.484826887168895,-0.3007560047344655,-1.3089398239674312
2022-03-22,28.69968571079356,1.450170033665347,-5.146860254435802,-2.740362864391495,0.2616553933830914,0.8113565251143486,-2.2557815739982914,2.518442779827229,-1.5060867121408659,-0.35247264794516797,-1.3729393733191035
2022-03-23,28.830568875920648,1.5739245921734335,-4.727425677260066,-2.320607376589637,-0.0748477846077456,1.0035236924513717,-2.0351254822641547,3.1788139206875594,-1.4802423045290538,-0.7559390657916191,-1.7449196842183725
2022-03-24,29.058884650528377,1.7965153001586978,-4.523323936294867,-1.9978580722419366,-0.1606025491051824,1.0716699754523304,-2.380931263080756,3.4972867619335712,-1.6652878619656588,-0.791056475008111,-2.089020909693905
2022-03-25,29.203973360709657,1.8384285133563847,-4.2199127117768445,-1.8407768302665448,-0.2702761281382536,0.9463297426146939,-2.516332122580465,3.5876661622811272,-1.8029172515924226,-0.9833364239414408,-2.43441382578182
2022-03-28,29.001841745019668,1.5645589881248392,-3.584977474493216,-1.5274121039571256,-0.7792721174543845,0.523759761709506,-2.699860359440773,3.7835360182906106,-2.0834930037097603,-1.4776461309494278,-2.42187012492783
2022-03-29,29.48958435088296,2.1460061947888738,-3.5683601679234016,-1.6060255226407654,-0.7347459915540394,0.9093399264821096,-3.381121614075893,3.904750933773718,-2.1174231852595895,-1.5407691957567728,-2.5872448981288665
2022-03-30,28.99053331817587,1.9630563659100262,-3.3223031576345035,-1.114918148305075,-0.9093300865192303,1.182835182479138,-2.8808284072173667,3.515815512560817,-1.5964788317150596,-1.7792223121262394,-2.275590341950345
2022-03-31,28.905063364663434,1.8681763511634686,-3.3322471718137154,-1.1185570085359546,-0.7772484441501825,1.66865461369446,-3.0769625505736307,2.997572020060987,-1.5146930814826445,-1.6040376322596406,-2.3084694546793525
2022-04-01,29.24509125651906,2.1597376131116404,-3.180464524471532,-1.1419083054858115,-0.9103096557944728,1.6517727440594872,-3.4873042137432693,3.1416986939647282,-1.0438242587725013,-0.9912565713912244,-2.378339377716214
2022-04-04,29.382072486082258,2.4724878320152217,-3.0435279880920887,-1.1462352067999966,-0.7162281478054604,1.7405206560247002,-3.678857540045119,3.1798492285393802,-0.7904171103065721,-1.0202560977402826,-2.2020213467790706
2022-04-05,29.245313816123318,2.1104515122891967,-2.704667530319405,-0.9115860615797182,-0.7730070035407621,1.5529351785066545,-4.039405738455355,3.350135795392484,-1.2049041255728232,-1.2647099129630746,-2.0331663358033873
2022-04-06,29.022479675939607,1.8781041528855629,-2.658603236111463,-0.6595743704792096,-1.0380633675611275,1.7789931469217846,-4.013453799068628,3.3339715821703773,-0.7552498080279326,-1.071876074718543,-1.8256458334059265
2022-04-07,28.459091442803583,1.385801786511355,-2.452298623053532,-0.5719207489191378,-1.3651343928662147,1.6228612469999288,-3.478687151947207,3.3037559169140884,-0.7219371712810161,-1.2422796344373104,-1.7142294006363363
2022-04-08,27.37155935796246,0.6228219704483278,-2.5125190302436398,-0.207329529948451,-1.7349291223691377,0.9511856316015717,-2.761757203754394,2.9883158985029072,-0.3265521522254029,-1.2374486716002941,-1.4536224636157282
2022-04-12,26.114119335896547,-0.7072492756762359,-2.303527694928396,-0.35775737000793184,-2.3536587737554022,0.21336811102836767,-1.9082423001076545,2.5131233142662417,0.1332892800418598,-1.5579760295033318,-1.0802798491780246
2022-04-13,27.051713598482333,-0.11569220667360669,-2.051662942637222,-0.28291697977926034,-2.5308982357682117,0.6560215867635145,-2.872556466551103,2.5563407952134294,-0.26966924226996736,-1.2994937039699823,-1.5737104273434666
2022-04-14,26.992754670934445,0.053768208869601875,-1.531534625096329,-0.4065690050136329,-2.7305593162855337,0.888417291980401,-3.224746735421209,3.2493344938466064,0.2209691498985321,-1.4789390608840032,-1.5230653737263242
2022-04-15,26.365949182354868,-0.512778960905925,-0.7576428747985898,0.5535544454085408,-3.0808455560817682,1.0665968232126197,-3.309444783135229,3.696845896548648,1.0956152080599022,-1.2409409474840054,-1.234935399884156
2022-04-18,25.28939925850102,-1.4060328931426693,0.2844947913546504,1.0504482210683508,-3.554649959771907,1.3258748996574918,-3.864020159666772,4.0040573237778965,1.798386633039651,-1.2811045128676988,-1.2077552744421582
2022-04-19,23.700865881582327,-2.19583091683972,1.080829173896349,1.3502360530091517,-4.028219253417521,0.9513589885072626,-3.3989716844607285,4.221494883876602,2.452301796813835,-1.3797492569479626,-0.6925530975548623
2022-04-20,21.95782483254302,-2.980281546894999,1.471528444684583,1.6138881722983809,-4.005556938979617,0.6743151145803007,-2.747599123263996,3.7142900821548226,3.098943375886943,-1.5915092636503287,-0.1634994665329501
2022-04-21,20.482557781030224,-3.6143235648418077,1.9243093641976943,1.5489301956968908,-4.274172938013069,0.10792957564698469,-2.23568175576833,3.4181559596318327,3.8312975667766,-1.6856556305352004,0.2725864971414449
2022-04-22,20.108448356971145,-4.028148575860369,1.2075091152773165,1.403854422160462,-4.00752613814193,-0.7023065432229298,-1.557084628297896,2.522990966227974,3.9741376025569695,-1.5703700253515553,1.030383150683769
2022-04-25,16.37791208180213,-5.721525816141693,1.5901673712110784,0.8413839329647287,-4.291156758784603,-2.412089967865706,0.336993094337134,1.8405561115270868,3.886621374338983,-2.5199646993426783,1.6363016100487382
2022-04-26,17.820916002376343,-5.304657481002325,1.203791998744316,0.5831397550574763,-3.9469711360203137,-1.8796967465079841,-0.5785935878073523,1.9481746506574935,3.9971185218118377,-2.055420117878114,1.7875773709463234
2022-04-27,18.722012032072655,-4.882213078455249,1.1540743363380834,0.7147894671261378,-3.9541109704666946,-1.8766125058560856,-0.620036582630707,2.166870462594879,3.987944670986787,-1.964078067655558,1.555403433072723
2022-04-28,18.960085396891465,-4.971987959082023,1.3727451598618685,1.1678996043619487,-3.929511398164363,-1.7553739475916508,-0.2734229600443133,2.271797430689236,3.781288678032505,-1.8129596941821058,1.0840213421923712
2022-04-29,20.16667053429022,-4.831408051815741,1.280167922365433,1.6439753523662572,-4.098220666161094,-1.3802536827474625,-0.8741337263331559,2.539526069524605,3.771653764824103,-1.8431938461014694,0.4794677861245551
2022-05-04,19.63788315049119,-5.24018138259116,1.581719320278291,2.1179281399127388,-4.492153907276508,-1.2550306442174863,-0.7560968607090518,2.6589221112393755,3.546415134223957,-1.7321118642291429,0.7616714302814933
2022-05-05,19.562525188598737,-5.52071714201106,1.7351236710564832,1.8913024083685885,-4.63850503880552,-1.0864505651319767,-0.8016977323130967,2.709969810104429,3.7058922126413183,-1.5342512318844472,1.2819391829477755
2022-05-06,17.600327582182416,-6.521367599049238,2.5959469381783795,2.085779467600438,-4.8846153417295675,-1.9315923414897413,0.23494671926463961,2.4700402830386414,3.7829331598443345,-1.153626000037051,1.4967570013359388
2022-05-09,13.76991552916843,-8.259846862446965,3.113469668290037,1.3857630476102667,-5.183003511364458,-3.43748561158627,1.8244580262132046,2.0642906964886776,4.008850498691346,-1.5588056368186634,1.5987141430396203
2022-05-10,14.186241164756638,-7.824802844265966,3.1610289958549664,1.5860090212833082,-5.218049941017413,-2.8131961322739163,1.3049341007148723,1.96165321227067,4.121593824413967,-1.341698659468345,1.4229419498290494
2022-05-11,14.710023476430875,-7.592204997875089,3.331572401658304,1.7912834966808417,-4.971804185230843,-2.6128809182414687,1.0642719761504909,2.0590644309289607,4.083728785545712,-0.9494071597124754,1.4010430001968084
2022-05-12,11.438987292830952,-9.152622648353638,3.6935400044880584,1.2591413788536332,-5.054181869544173,-3.5431837132873016,3.294717607249008,1.798840148604012,3.8751765110842347,-1.3207583961291536,1.5509473550467492
2022-05-13,7.6132818598142595,-10.463967384832404,3.845693095352688,0.9405743082704525,-5.260032501804977,-4.493091758895755,4.942829548785456,1.2727232378070266,3.6417203659006363,-1.4620418475944392,1.6578416177505362
2022-05-16,7.181865847764495,-10.15468387215744,3.105227412665371,0.1945958365352769,-5.5544252024379395,-4.5011113204013,5.549236609040174,1.1316000494589133,3.325721397490052,-1.5302852603883648,1.475207255797705
2022-05-17,10.663585361143944,-8.951380901106265,2.818443831301688,0.590837822774987,-5.354200213642147,-3.6981112285718356,3.6891237075555665,0.9484208448920483,3.2116707001807256,-1.356677755825476,1.3426153174863589
2022-05-18,11.328174831298917,-8.57479081727897,3.1936017263448155,0.8507446562502079,-5.113334485331702,-3.6327989938243137,3.1743516935873237,1.1649422393782247,3.379916462433528,-1.3534823278431811,1.655138545758445
2022-05-19,11.106412035963915,-8.704919591415283,3.4582958407789395,0.9144330749897331,-5.20336164962729,-3.6388937512904755,3.1550025798818195,0.8201464053000082,2.819159633192735,-1.092912867842177,1.648123884881114
2022-05-20,11.358519306066611,-8.404049565010599,3.490432423994131,1.2069617938351827,-5.016760265710997,-3.5292762640107016,2.9504147603542523,0.7513000570998625,2.8499929723278745,-1.3723004864712551,1.5669000478895
2022-05-23,10.571762021194234,-8.779575061639783,3.842487880596286,1.0375488082618884,-5.008065925049408,-3.8363564904383423,3.15484114418469,0.9050448772761048,2.65980110376697,-1.4020771901186182,1.240096505061226
2022-05-24,10.760536694758965,-8.60437923670715,3.9401770757782484,0.9940371894078859,-4.8526017479927415,-3.617522694617941,2.5921402726492495,0.32167438546263805,2.5056921321759154,-1.0445444465015865,1.1650054720214227
2022-05-25,12.967469173611008,-7.718323560799507,4.130472435183521,1.401840510334765,-4.681724353670276,-2.7869829025160766,1.4351125036962902,0.5636815274233089,2.393613417956971,-0.5794913790857512,0.9513886845503782
2022-05-26,13.568180703655333,-7.605977921866305,4.152686103185429,1.5109460649600461,-4.642557574969177,-2.7869326361966333,1.5060690999720292,0.6918578402709795,2.4565314396669855,-0.5776911016800301,0.7928398958278441
2022-05-27,14.22130397435228,-7.32172525421046,4.314915094255076,1.8076885445002846,-4.751326115938648,-2.566207110942193,0.8914110606240677,0.7294291107905455,2.3983121786323807,-0.2506934392937825,0.8383004138345153
2022-05-30,14.720079452775959,-6.915701378008019,4.542441365071778,2.402498700010259,-4.426668602168211,-2.102860209095055,0.5621888742042134,0.5668604516873752,1.899702701553716,-0.061838185639490395,0.6376738993917094
2022-05-31,14.556764678127314,-7.057201475666048,4.848087529017841,2.590056420918095,-4.228121613073336,-2.047902312333819,0.2701448277048777,0.04286762355283147,1.4006759908472775,0.12694078679104856,0.4586677342225243
2022-06-01,14.512504901198902,-7.053523951385928,5.41360478147313,2.758497097049322,-4.203026785063075,-2.032346895497607,-0.00619265722611928,0.165843299802857,0.843705267922152,0.8227037820502938,0.5534235155482203
2022-06-02,14.194301962281225,-7.445731839937698,5.603095506462651,2.7379220072231774,-4.599531017516917,-1.700214727912627,-0.26573967654255215,0.4735915058264015,0.8032318467640198,1.030699462446563,0.36021069767959624
2022-06-03,13.959696827348424,-7.717160673241262,5.847139865245055,2.8120140654365815,-4.7699681711237005,-1.7344626250560644,-0.8365565334209735,0.8102325766191665,0.617461081569656,1.5103571146971544,0.2914260381130057
2022-06-06,13.40786086282244,-7.706626725215493,6.278546381890401,2.8918488806588347,-4.847350280230096,-1.6153481575881892,-0.7189220809685193,0.5687395908426577,-0.018508435255682354,2.280073107652164,-0.031886346120599596
2022-06-07,13.447832743136814,-7.530905943454628,6.8362556068156275,2.9212422360470485,-5.177446954738281,-1.2104204001636907,-1.2961562968828821,0.7390729160280176,-0.45668191560410043,2.8021064077785014,-0.42906538780254566
2022-06-08,15.04566080421397,-6.797014343333248,6.735833004137836,3.033884100123273,-4.761196892602315,-0.7733592609794341,-1.7564002233963891,0.6283207432188073,-0.20251065371477972,2.516437834724211,-0.505696099352853
2022-06-09,15.207426133812874,-6.610764091966235,6.65120709872044,3.2657313812165842,-4.6048144510011575,-0.6120582862194803,-1.5885306454813704,0.4901762680831504,-0.28456994563356486,2.5379475184421763,-0.31714638437133336
2022-06-10,13.928255922051092,-7.454617943900507,6.422749026617988,2.754725913858164,-4.36634359116553,-1.3654051070048492,-0.23698923255115134,0.3831467577861754,0.21344154064125154,1.925641060931349,-0.3093697621541996
2022-06-13,10.165579959519084,-8.651123642493387,6.616267078783845,2.4382890139769584,-4.423688981661662,-2.1814648719896876,1.1310056681242986,0.3485120879555089,-0.35169339916572695,1.7680566120649153,-0.24657601715334182
2022-06-14,9.359325584341876,-8.758521158322147,7.151167743059887,2.3333435581042306,-4.300733720149779,-1.7598290219791668,0.010544176273447503,0.28775065658457366,-1.1860206234834512,2.512569582092704,-0.7473234369614511
2022-06-15,7.190825519168602,-9.315331792653957,7.5547174354678415,1.9072786088589662,-4.106706621849964,-1.719165789408679,-0.29866177533797944,0.5154574542430822,-1.9141798648789405,2.7417970113075274,-1.4017244623076235
2022-06-16,7.699611069318622,-9.109120841738758,8.036745219635668,2.333474018924914,-4.213196006955204,-0.8607397052659593,-1.070658448263,0.835056505259713,-2.431744328758579,3.9660022856270705,-1.4130372082402993
2022-06-17,5.555172839985637,-9.598317946666914,8.659129188276108,2.239569341017971,-4.313383192215553,-0.8424841644838217,-1.1552167612871005,1.1698253753480634,-3.280920296566837,4.657438024781652,-1.700983731552863
2022-06-20,2.7153246422776984,-10.200973104274738,8.43700435893969,1.3891939041394012,-4.008957816161738,-1.5461884854617844,-0.7539308153241703,1.1666997094830132,-3.828507515429587,4.772279828514637,-1.764532107638153
2022-06-21,1.1336478054723746,-10.409291291721939,7.582219956722735,0.39125140840399997,-3.864437713325289,-1.5639855604129083,-0.32835774696143527,0.524598435396598,-3.560740843473913,4.436901004404692,-1.536554780120758
2022-06-22,1.9638894352520317,-10.211999649569545,6.641960888780425,0.18176768804633206,-3.573755727254535,-1.797337175948205,1.001216966275952,-0.09645256973283672,-2.8310289648445117,3.127292760370342,-1.3748257332182998
2022-06-23,3.6290055498262497,-9.829706355664317,7.24687322864915,0.9434558124921997,-3.7406751311122104,-1.1588512804719888,-0.15862404521938245,-0.284438142302432,-2.858712487363041,3.5260656163758273,-1.5383983075826215
2022-06-24,3.8606543367745685,-9.819679785944341,7.465046041329081,1.017125773798219,-3.712584334722325,-1.1408251758550354,-0.12840742279137307,-0.3154184906423906,-2.639133115736916,3.050002997398638,-1.5637802265431224
2022-06-27,5.090649186760316,-9.25203063326397,7.653628449744124,1.6323402936793912,-3.600076084886754,-0.31853098754542447,-0.1425477395398873,-0.9875465542717895,-2.4745934375224357,3.0884222957555933,-1.5254720605594545
2022-06-28,6.125936814041385,-8.966307186233811,7.615525346154017,1.9981561725558952,-3.471081601082008,-0.20886717628756607,-0.10528600864990201,-1.3301746608068188,-2.494211242539461,3.2017863198074323,-1.461904561878829
2022-06-29,5.896503669792344,-8.934353169398287,7.531097987982443,1.7675967879219598,-3.2856822087830184,-0.027368162858172396,-0.29911521940884733,-1.2803458183345833,-2.531900878489437,3.137811633497712,-1.7502709077442322
2022-06-30,4.59640164187258,-9.337679094474739,7.597903686776298,1.8828305976310984,-3.02395671147043,-0.2737498418120659,-0.03379773354523785,-0.9463131998109546,-2.7395862766548786,3.425082440938503,-1.8365705005451842
2022-07-01,4.519526210960299,-9.246724267641977,7.411068484100244,1.7795297657681028,-3.143270246267882,-0.15347934941734726,0.4355468576191711,-1.4893309375037853,-2.6989435023995423,3.425369606658159,-1.8906007944651206
2022-07-04,4.676355066741257,-9.263451789685819,6.991411852624196,1.5262548141024939,-2.872616945855373,-0.1567231360360078,0.7434983300870062,-1.5956476593259752,-2.509620781834129,2.9069331182473253,-1.5940884545699352
2022-07-05,3.3798835053270455,-9.074570312417546,6.056933663624934,0.8626365324455555,-2.720718817081962,-0.43303998343256944,1.6966328478980846,-1.4176997156457412,-2.088873414434008,2.2887506165737026,-1.34698333265195
2022-07-06,1.7525331478666317,-9.453335294055451,5.4303493661695885,0.19485400267693948,-2.6657708459152487,-0.5904047995613766,2.7908708755810316,-1.6584969534453173,-2.000851724502757,1.3538037535973468,-1.3213628911692639
2022-07-07,1.9619721353734128,-9.38165783935392,5.554859996167446,0.21601741890725973,-2.4753750922858857,-0.4644663670088098,2.405959212459127,-2.195607958044908,-1.712758004037571,1.361775690447248,-1.2983460663683946
2022-07-08,3.1802709474714073,-9.16214003618019,5.813142797481279,0.6589429259433522,-2.2761603978594698,-0.46786931404161075,2.2764842441429045,-2.0271673953722718,-1.8012718398185408,1.1246737029024203,-1.1771179678715054
2022-07-11,2.84924741553563,-9.24684398811435,5.656650625444975,0.3392282454787996,-1.9702520365662524,-0.41279717162817364,2.642320619316086,-2.1641783194353033,-1.6856542705857307,0.1770375799007487,-1.4885938744140463
2022-07-12,4.635228562203787,-8.826621190477564,5.890908694598593,0.9943240383232775,-1.649589099750799,0.2730254983400028,1.7906338685634786,-2.6057507040607533,-1.9955829571604484,0.14785176883195678,-1.1761399663333703
2022-07-13,4.9714969815407715,-8.693723009155995,5.737946143470867,1.169716570132219,-1.779857789423931,0.3739870079733414,2.0170125245421118,-2.512188276217255,-1.724231296528905,-0.14947985282221035,-1.2484835581236333
2022-07-14,5.29324960018083,-8.540363951145613,5.632107105913929,1.4406689546998919,-1.4603727485742102,0.2887914775758139,1.732762940179738,-2.4910428699531226,-1.8117937524084078,0.1447411354560703,-1.2228443551533807
2022-07-15,5.427775135601342,-8.48297750255149,5.5205102534456225,1.4805571319813828,-1.5107148276201205,0.20832808793257315,2.077096679533622,-2.5259936501859355,-1.7849577158511498,-0.11638464319259406,-1.0694535569153838
2022-07-18,5.591115724636306,-8.167432174103286,5.615148107287204,1.6289827845864853,-1.1742068912763473,0.5318824499370551,2.0172079072709113,-2.6939210844129677,-1.7274833813322932,-0.054866308968719746,-1.1295770699226053
2022-07-19,5.720302224722889,-8.109781039759223,5.811487736229071,2.1024913242646006,-0.7154216637838516,0.7849681315270589,1.8800833846702893,-2.463225815588508,-2.0846322006772913,0.2034900883194605,-0.95459215543426
2022-07-20,6.981299039292991,-7.6335323104170865,6.019620829074784,2.435447015448608,-0.5416003503697424,1.1769228681369641,1.176608084983318,-2.3493125355193833,-1.8135928172356017,0.06728774924464387,-1.0622208967186388
2022-07-21,6.890758372814286,-7.7773923324051015,6.071578704482848,2.2448181406182823,-0.5459779683844025,1.508742860353513,0.80191841673723,-3.060976434717949,-2.007285270627247,-0.42415201538083114,-1.2770035447227195
2022-07-22,6.685375273381778,-7.975891221441003,5.921088282588824,2.4792614386910166,-0.37129456391549226,1.6846639096742957,1.0247006630919984,-3.951665630440179,-2.4891469101404446,-0.5958563131513587,-1.3545254767760586
2022-07-25,6.13196646900766,-8.184259456493933,5.74798798655524,2.304322942561334,-0.2569516325623311,2.0787653440681844,1.3389450939840106,-3.9786569850394145,-2.400007534506423,-0.911018504911173,-1.2276246757285865
2022-07-26,5.754948953482289,-8.135330873145499,5.663500915482317,2.14132306867722,-0.09421198338224313,1.834277932960254,1.4116509422845018,-3.7331398759232757,-2.245660110367425,-1.0496768203082933,-1.0265993264532414
2022-07-27,6.1734029385600495,-7.959965955986577,5.789835732613165,2.496791877212294,0.41088651529128484,2.032647627297648,1.207410903444436,-3.870461873991184,-2.2479868123392652,-0.9172630273578375,-0.9654992941551314
2022-07-28,7.2858366126572625,-7.535531599014909,5.699349986389657,2.577259365686538,0.7218520289868922,2.4759135106863965,0.8499794064305883,-3.5050889170531203,-1.9631255084437982,-0.912148999353185,-0.58792526100716
2022-07-29,7.41270218809547,-7.577431586837301,5.441859990295517,2.564943667829767,1.1072655319124545,2.730402897893419,1.0128010502733134,-3.5600564818831564,-1.5794246642418457,-1.0466384517875422,-0.5038990350970274
2022-08-01,8.577717898830379,-7.149274472469655,5.3952886586027695,2.3244539756814815,1.4161497412393056,3.071702702147829,0.6971656078958307,-3.6892533980584696,-1.239241755825136,-1.0734418925503049,-0.3416753578677034
2022-08-02,9.285202341514166,-7.135584671397431,5.22679812415501,2.6764495722459603,1.590282164838181,2.677224239554242,0.8997833069481536,-3.5382360735451623,-0.9477020351532546,-0.8013373596834507,-0.14237515227511172
2022-08-03,10.01054209567433,-6.9209599444087475,5.3543752967081275,2.7971289137058637,1.4956201314385025,2.7887893352345285,0.6209226452884126,-3.633194951538444,-1.1865689866312839,-0.928288237537884,-0.2166827575878818
2022-08-04,10.187111656912645,-6.82919035670532,5.18093906941175,2.747363823852158,1.483468668097748,2.7650672830407412,0.7090049091982771,-3.4610142081911657,-0.878756687536909,-1.03455701845473,-0.14883601477196468
2022-08-05,10.536364915546269,-6.645140944609341,5.18842537185426,2.930446217587324,1.724908493141042,2.639750306734571,0.8081411180627066,-3.4530652417706027,-0.9184368650274813,-1.1418548363276841,-0.05904889205425656
2022-08-08,11.065408895335922,-6.321333181273639,5.386581718928507,3.015837428139265,1.6235635482123845,2.669229728321559,0.3613904401851696,-2.9867249175617365,-0.6584778391636361,-1.065188530917064,0.16837419524581965
2022-08-09,11.527724928990326,-6.426428935383901,5.454038087261368,3.3274244189664004,1.5435281733785389,2.502147485861151,0.4731095192606943,-3.023341287715027,-0.7382626174288004,-1.1701084719702286,0.3500851848226339
2022-08-10,11.679353310652543,-6.38881403807871,5.173286045462736,3.4735963275491955,1.9843008281451877,2.6896949842669757,0.5683264761447654,-2.897641149135648,-0.694363693004043,-1.4195961483236759,0.5019318370631382
2022-08-11,10.980806223102041,-6.588036485183695,5.220976823701378,3.2272507393311285,2.1193571303425434,2.644395825122048,0.7547231661478008,-2.903246041453528,-0.9990786188532564,-1.4163497757647998,0.5124844672280199
2022-08-12,11.545244657059142,-6.174533627364429,5.399375012013757,3.1474819747089238,2.460850459789068,2.967751676194368,0.3692121985558309,-2.66173027457895,-0.7064294172513137,-1.4498341285591492,0.6147637190702716
2022-08-15,11.932407517686116,-5.9016516746509815,5.535004496050133,3.1439838977837256,2.3614470526099813,3.135282202383274,0.09314032170912123,-2.6498536387225426,-0.37543928741468224,-1.1925846143522252,0.5481370753260775
2022-08-16,11.868507892326765,-5.7451989534887815,5.579315424598957,3.2048562812901293,2.5973628025350175,3.0993349819848897,0.005185458204486126,-2.470034534603782,-0.11097588070147305,-1.0237497358890484,0.7066271519956934
2022-08-17,11.594649077540216,-5.816212407595921,5.502587282836107,3.0707123141346004,2.947345512860661,2.8774908389745097,0.019537792657409736,-2.4615272050816808,0.14572641696902394,-1.1757964283118008,0.6623079506083588
2022-08-18,11.178177446214626,-5.868800368517309,5.492755458258004,3.012589055637786,3.193036587704295,2.886566805492422,-0.11249853650625852,-2.357852710959908,0.11061309596218012,-1.1294186329900895,0.7263072992116525
2022-08-19,10.85973388014851,-6.082509514307215,5.456035247016381,2.687207382882498,3.365380154961054,2.626122445032925,-0.13222828698527112,-2.273653937761177,-0.17931485114700485,-1.020982439310824,1.0371464706404985
2022-08-22,10.193084109269625,-6.218703028680469,5.446720348752067,2.521996012330839,3.6373826380609238,2.690758301719464,-0.10548392619305974,-2.094088737299953,-0.16268995186979504,-1.0262408566444818,1.138000242012563
2022-08-23,11.059921721602116,-5.855746216790557,5.233187452084617,2.6909126904167024,3.9928207086812213,2.7120657465392144,-0.5205829537907587,-2.084106574324184,-0.031799306688098605,-1.0265263932165851,1.4180728844408788
2022-08-24,11.580339239509655,-5.595409632236016,5.33687450458248,2.9409955014273734,4.194573030610151,2.777838521104479,-0.7513660301600132,-2.2207971728765576,0.0034317577245116943,-0.7819743125791394,1.201064359833873
2022-08-25,12.221256486963956,-5.418737013064644,5.14366609351742,2.7560657915373743,3.976053340869663,2.8672522512384617,-1.1945495512017397,-2.0600286076104184,-0.14988737836524094,-0.830084607282466,1.383332173507317
2022-08-26,11.630120030118984,-5.814207007259844,5.16745961696936,2.6072526919787373,3.9417207103592746,2.909735083594637,-1.1689524358562278,-1.78888994562646,-0.23436797398452458,-1.0233440993036491,1.1475985034992113
2022-08-29,10.563135872237437,-5.891654084222822,5.275248473252739,2.4633829991996814,4.194985842186785,2.6129702528178766,-1.5665897931648995,-1.4616799052584775,-0.4375067527725144,-0.9232459591393105,0.9514038740167172
2022-08-30,10.653262055808305,-6.007592902436272,5.1677704002247316,2.090447258755683,4.520987898284659,2.8421575329252833,-1.9951414872387518,-1.415129095505537,-0.3177905583214042,-0.9867318613736378,0.9051869074281611
2022-08-31,10.967403553632241,-5.7561353049551505,5.158578558191806,2.4932345305721513,4.695225451040612,3.351833138141128,-2.0474888472175627,-1.10220100721288,-0.17612061964714654,-1.1041816707647927,0.9222434479440199
2022-09-05,10.86516486222772,-5.7353707343777405,5.226666380791457,2.544805272919988,4.447863323773556,3.1926272930832775,-2.1022961663131903,-1.031895905108281,-0.28784264426559136,-1.2684271964718974,0.9873145361817057
2022-09-06,10.915734858357819,-5.802304488942506,5.145119227566206,2.5608093245614487,4.2813639485299895,2.903479319966605,-2.1553826542527816,-0.9914838153893095,-0.19516918578705333,-1.1885716818461785,1.156234247399155
2022-09-07,8.806643442266463,-6.346572801003989,4.890510710812544,2.185992481151835,4.171222171422917,2.4739666353867924,-1.2430926436463996,-0.5898749310828205,0.049673231143939775,-1.4455449424643438,1.2557931821259996
2022-09-08,8.167825877335206,-6.558152121546005,5.171480339012098,1.9566783866589905,4.3210584300784705,2.2443894767192685,-1.207856420588977,0.16102507467505076,0.06572175799463728,-1.0000196436733035,1.2574334329504324
2022-09-09,8.864183331300403,-6.332183964993635,5.470941452606228,2.1897332830325364,4.6201592097803825,2.915395045109882,-1.8027882470067185,0.5473768353699862,0.35085630253343464,-0.8214287842450725,1.4742535221895399
2022-09-12,8.95985379513931,-6.409980663437893,5.314141856845979,2.317647898079582,4.818398636797797,2.796283839891543,-1.7528892568064476,0.7638377347656629,0.23436912448293057,-0.5771469433896267,1.4387982777812787
2022-09-13,8.975786798191466,-6.316963372509331,5.279314148569762,2.493357686330796,5.060171001422497,2.797134906110485,-1.9524789218421421,0.7422806284637583,0.09768197898606697,-0.3517248057100384,1.226571794868013
2022-09-14,8.748004966227843,-6.269813741084507,5.3642897106749965,2.260992054778468,5.237831463508824,2.6768179925175777,-1.6710022857212048,0.699797919914798,0.06519169242816691,-0.7139080901658641,1.4321353910933414
2022-09-15,8.996665333202785,-6.1539482069858735,5.300475753931608,2.327243956962044,5.805373483770538,2.920567396117147,-2.1243678616895503,1.1182264673613207,0.28904305038808703,-1.0888748124635927,1.7320113357439202
2022-09-16,7.854431333157098,-6.409815155101472,5.053327185633307,2.2336027534743788,5.904390478770485,2.878566341756616,-2.066131525279783,1.263966401829258,0.5706732214255151,-1.0365914369408433,1.8331408285407882
2022-09-19,5.457157103373914,-7.058918565179229,4.874163299121683,1.7570361615032746,5.576391196993641,2.3612966185359023,-1.0952354714819017,1.181536456389986,0.4751967239143186,-0.9874564503283187,1.7593020947990643
2022-09-20,6.228464227943179,-6.916965066212943,5.013344154049961,1.6635774270510584,5.606489685483011,2.6761716748496793,-1.6862703380413149,1.1380602512187787,0.4340190847881719,-1.1487590878050875,1.7436586534776517
2022-09-21,5.97564149504096,-6.824765055589568,4.968898899938588,1.5021204086738666,5.7541425117313745,2.5797918218245575,-1.4740717111180994,1.1372818216808418,0.6367953190765292,-1.0518565967742335,1.816762467434408
2022-09-22,6.523605165375971,-6.568264554981375,5.116288915395418,1.8347291672999662,5.82134365228567,2.713364005055501,-1.57891350780738,1.0601058971505888,0.50159463824625,-0.8765365226358608,1.801526269442639
2022-09-23,6.317040193216892,-6.659606569172681,4.929067884297239,1.7216756542168177,5.829466457513996,2.711525707602138,-1.7597897725703797,1.2626440245867554,0.7153413691201458,-0.9042364737794173,1.6937641838951474
2022-09-26,3.955948879144566,-7.383298733454188,4.483153229899065,1.1595450235170228,5.47435705564625,2.0381913161298826,-0.8527983239648733,1.3617116035397046,0.4285993421965231,-0.8456175043210667,1.4649027887599537
2022-09-27,3.5821753055110737,-7.219155710266839,4.144954814903666,1.353000127821777,5.7952222620521185,2.1367479916807617,-0.8740158510157439,1.3439889104603318,0.3964692132846585,-0.7035272402331236,1.5019249720837204
2022-09-28,2.4099015746148615,-7.746656551900223,3.761823238490314,0.6002942534982907,5.3623860183769985,1.553426939949441,-0.08323781203770131,1.6597763684059332,0.48668898245228115,-1.038204546958924,1.190316346707069
2022-09-29,1.312391369682435,-8.007497136450802,3.757448175034205,-0.03874934812843073,5.398522780815064,1.0934802480887218,0.4305957231526092,1.7556697985421788,0.5475046539695473,-1.1184655023050896,1.024438122629085
2022-09-30,1.264207875865874,-8.023118066523597,3.8112930166260424,-0.05339252646860787,5.645443314290393,1.0083630437523516,0.0011977311177633898,1.5493059270850775,0.2566156888144757,-1.301619176749889,1.343862137916704
2022-10-03,-1.8952649077430217,-8.80780763069494,3.5685457236707085,-1.1108049421500974,5.571180993722464,-0.17938916002641453,1.4544522928253656,2.145024933170288,0.18193023825815885,-1.6260172445628411,1.3783543257225237
2022-10-04,-2.8538652921250547,-9.06627062812527,3.5418420918794045,-1.446173945772388,5.3765682930218865,-0.35394911111774807,1.4595713277664952,2.2575048610223725,0.1917044983546633,-1.4355588264376458,1.0259745919813843
2022-10-05,-1.223681045612995,-8.54895637142574,3.909205363161042,-0.8271539873608902,5.967504945173703,0.1174149811524568,0.9349578206502841,2.2793239001422614,0.29805901502640797,-1.3223102610501662,1.053233356464974
2022-10-06,-3.4267622550444066,-9.214866264920175,3.6815504653689954,-1.6302027755149475,5.8392994673702265,-0.6482144049962606,1.754837017086921,2.5302066398543617,0.5745508937800998,-1.1443490616961414,0.8125770832580985
2022-10-07,-6.2743174036504366,-9.796601925283676,3.181974936077158,-2.224554449019478,6.07671230711486,-1.3195676980726612,2.2687535194555104,2.434956183992709,0.34303055397584775,-1.2808055592577794,0.48861821769791614
2022-10-10,-5.709075573250816,-9.288562846763803,3.422356477829137,-2.354072811349176,6.246746038823714,-1.0367251733804257,1.5509140608983707,2.8278737657365287,0.08068926725183993,-1.1471642044722978,0.4161287579961871
2022-10-11,-8.295200926712823,-10.091632410405907,3.3689699449793435,-3.2190208865894236,5.935361123077344,-1.732324154053035,1.99756323948245,3.2313133899446616,-0.07090253476868166,-0.935899931163692,0.29593121104926245
2022-10-12,-7.074894574072415,-9.383121664101623,3.436903386029175,-2.790957211191002,6.217105318897987,-1.339173007584355,1.4285476787815796,3.26811757014538,-0.01261481080855234,-0.47206874623867345,0.5041095545608503
2022-10-13,-6.804363455803121,-9.29251477138867,3.202752824599637,-2.8406360278723355,6.218962050076883,-1.0602761416542676,1.1013755756438741,3.1062389152521437,-0.1691633398941291,-0.23238373094021197,0.7249589920378201
2022-10-14,-5.931396798052631,-8.99688029300985,3.530481953463455,-2.6098721520134407,6.320431690095788,-0.9552950386322574,0.7448933492591086,3.0279602797163516,-0.17537654754953727,-0.3840121983100997,0.6949031849986184
2022-10-17,-5.987898989576765,-8.91854530656967,3.5232383819855744,-2.72788922617311,6.3378274252049405,-0.9060981186570359,0.3631879326772448,3.2098992074781183,-0.56946934571805,-0.16268547745371786,0.7469800269368425
2022-10-18,-5.350103805301371,-8.756747996599502,3.472483838292783,-2.422399853864852,6.376081252762648,-0.7173882253464348,0.2418242385556727,3.021863451832364,-0.19648442093550664,-0.1021917451938118,1.0472041853306957
2022-10-19,-5.473944890978194,-8.459885855865142,3.516645068452311,-2.3854440594360167,6.334739596304224,-0.6825935967462271,0.12608217672802174,3.282527100360592,-0.20417670035982904,0.06993859702860125,0.9499788619978494
2022-10-20,-6.04345019876869,-8.583365957234198,3.4536386338730276,-2.6004206139794923,6.294498341948401,-0.8762773134078922,0.23732511851083546,3.4177000399724595,-0.15005895009457967,0.3893223826022407,0.9313679177715217
2022-10-21,-8.932709002851109,-9.319848038599295,3.0162538986231393,-3.5346876351679457,6.160597761695223,-1.6591723769520632,1.1495375980893052,3.2091783668768956,-0.12145029353692227,0.2747865185085848,0.5208546324543445
2022-10-24,-11.403490487133347,-9.682226669732929,2.877396442777631,-3.772741639125054,5.438651125688094,-2.329461198306737,2.2571654781860397,3.6009767129467107,-0.08206587306988494,0.37111746826647773,0.29487173133874967
2022-10-25,-12.08080373653869,-9.64604241333226,2.5178921475515734,-4.234102439051652,5.355579745635686,-1.9896219917609037,1.1036915431195091,3.18352000543665,-0.06771000297702645,0.9367676834904705,0.02191815472472844
2022-10-26,-12.597253612654807,-9.892243260009863,2.4212530052559726,-4.761785718735092,5.103275097458586,-2.1998636245794225,0.8282182800369023,3.391940166973663,0.12004409783194782,1.3988708703934,-0.2626456375874848
2022-10-27,-10.627522523075697,-9.213213858504805,2.133246284842148,-4.577125180049562,5.41326486452699,-1.558620728070071,0.14902416281850853,3.350827577709505,0.3015201953253631,1.796826628127059,-0.22183314650716246
2022-10-28,-10.554829901128583,-9.112657734902601,2.047559827957553,-4.33540110018393,5.67822584120054,-1.4388202837029103,0.39629875021259087,3.363434858382842,0.3372424965237569,1.628515416456723,-0.18070943803929007
2022-10-31,-10.961238552535239,-9.17040702684124,1.6970875359612476,-4.603531805677401,5.532709015078966,-1.5485256835219592,0.034703477967183594,3.1538404734070173,0.29893996208517165,1.8702211458912636,-0.29118544048972783
2022-11-01,-10.842620545057091,-8.750449759729204,1.4695429840626415,-4.496597433849584,5.791268425252374,-1.6096478120604922,0.11183124283236101,2.7373476656441103,0.18849342013784826,1.7347617123640415,-0.1565176070955157
2022-11-02,-10.924908599314655,-8.911338169298274,1.2193841303947854,-4.465236771800379,5.546137043947612,-1.8781521439862314,0.40219096050551784,2.8999550577213697,0.40415041664061624,1.5589057721336403,-0.3352866450517908
2022-11-03,-11.17904914452081,-9.008818285196346,1.2947307306738318,-4.519173691003665,5.5383465607342135,-1.9687392297560589,0.2167863812526366,2.615127192235123,0.35256237307774607,1.503332395435406,-0.27591266637620415
2022-11-04,-12.877885874679194,-9.427541746647597,0.9591726795224594,-4.993631479044199,5.019584243300773,-2.711875626244148,1.1989230540968248,2.4517346291696684,0.13105949087657212,1.8960462010937404,-0.1919546133918578
2022-11-07,-14.952970738986524,-10.1809302387773,0.7941573117974078,-5.659168941519646,4.309850170389846,-3.60996714676487,1.3765614051677542,2.398438663621612,-0.08045817213736278,2.3399222065077683,-0.23857691707453826
2022-11-08,-15.050956244230274,-10.085388401837136,0.4914362864762676,-6.0439565575828595,3.965816139964332,-3.2989703300209325,0.9939865471342406,2.228438882565862,-0.12390344119025232,2.3550574004000664,-0.5959987457492897
2022-11-09,-15.07254124530865,-9.983336636105557,0.270126738794064,-5.317517496024758,3.983966111005039,-3.131463989506254,0.8573715639143487,1.8900860252959182,-0.0036291875070164625,2.637332453381113,-0.9973109200456586
2022-11-10,-17.496443993461142,-10.535985709799448,0.04458185491052846,-6.201492449924351,3.6005949443161063,-4.09863352382539,1.560737922070448,2.119161779864694,0.3174919163713004,2.041248132365489,-1.2819750083087427
2022-11-11,-18.501733203669428,-10.61134697206276,-0.6458342262631118,-6.037546713576273,2.948365068281739,-3.8264396909631078,1.087079653680761,1.2187306477559656,0.3486303183135141,2.4265542195473553,-1.5358320739453013
2022-11-14,-20.530235702104182,-11.084024235957497,-0.9515540255047601,-6.505928620439992,2.2876727936684653,-4.101641370252537,1.4957382250085023,0.6534907124720758,0.581135136102213,2.1277640472322252,-1.4761363190284684
2022-11-15,-22.87182337711299,-11.95364425164066,-1.280077079484673,-6.818736987742284,1.5303806595533027,-5.009412328641057,2.314570589190071,0.21074427173316312,0.696099162542555,1.4415938475665508,-1.5094916978953543
2022-11-16,-21.04301209300174,-11.244097827474686,-1.5268441484451085,-6.550616507037944,1.6824168733311926,-4.484705446440333,1.2458249432560802,0.722225452241463,1.0973711002293283,1.6079494041092846,-1.7484875770620651
2022-11-17,-19.808984003096867,-10.863830713888149,-1.6326287443781975,-6.185543532838862,2.106943946113092,-3.8680658295779518,0.6041564823429324,0.625854546440598,1.5112019385495037,1.782480191573986,-1.696227780534634
2022-11-18,-19.315778039139424,-10.764679418863238,-1.8148098723817498,-5.715854002197342,1.8851469421553766,-3.662069418050053,0.928443337562727,0.5947279384826412,1.8930573484341637,1.4727800435972,-1.9269349304789862
2022-11-21,-18.887315762304887,-10.750010348076568,-2.095455670273621,-5.50235094430963,1.809030289325444,-3.1866078521956265,0.6745113146740309,0.3458535910788926,2.0901447475750783,0.9010283134430053,-2.2640436280591376
2022-11-22,-18.631344274985217,-10.646585664733626,-2.025988196259749,-5.368435587674851,1.6198817826880452,-3.259005345447712,0.4197317565240454,0.15654732079075,2.017488096417634,0.8848742018351389,-2.3210271530741537
2022-11-23,-19.682179756389978,-10.695389246556319,-1.97718394127803,-5.477288732150004,1.1693207123568763,-3.1425887967011303,0.15528109128520562,0.024969968515485608,1.4974627863894732,0.847713361524486,-2.4575158785319227
2022-11-24,-19.72343975431778,-10.689220834536913,-2.26456866669061,-5.7091157805033195,1.2816978256343448,-3.029194157901177,0.049950735535552626,-0.3337655689603423,1.6327680535792497,0.8914613894088758,-2.2936216206178055
2022-11-25,-18.45967722608541,-10.220298479410436,-2.399851538551675,-5.3235679772146,1.001771884687352,-2.5110665704288433,-0.33357452567194923,-0.4614096473445208,1.9329385036967701,0.44508212714872475,-2.17447104163025
2022-11-28,-16.52830687511491,-9.592253558183119,-2.2572177384860357,-4.882557523124957,1.3598036698134255,-1.907499283271045,-1.3190554717144884,-0.7382492996274141,2.0437969258069435,0.6000812048721866,-1.8910976285869714
2022-11-29,-15.586837692675726,-9.205093190557001,-2.03702359518309,-4.452137528092529,1.307086298501343,-1.7878878203074557,-1.6715444699395725,-0.8816790697578638,2.2595383306899097,0.47163094931096283,-1.623717763536552
2022-11-30,-14.943753526425699,-8.79126122764916,-2.0173049373899756,-3.7126216929403775,0.9712464910248423,-1.3756502144314828,-2.3731198413161407,-0.972167865997116,2.3540613534204122,-0.16947814810354625,-1.6684278687400778
2022-12-01,-14.711125176835992,-8.962654449971826,-1.7814131559600526,-3.27601746195249,0.36976285933607955,-2.0074285025283407,-1.5696937368306867,-0.8596361889285515,2.5819354262082554,-0.6989852116816185,-1.5715066868448138
2022-12-02,-13.463198133816551,-8.587221360270346,-1.934073023878411,-3.1305318687778314,0.2472334647671649,-1.4901922797924185,-2.6017605018357433,-1.4520627982421828,2.601265438013564,-0.4597093017703558,-1.5084324619948724
2022-12-05,-12.918195846026473,-8.38500195059484,-1.9518633993909966,-2.9786812070248887,0.14976026792320418,-1.30027600068393,-2.785847478194812,-1.955155607455904,2.7287587828439848,-0.26472209562032584,-1.3787586053955918
2022-12-06,-14.71572473797253,-9.057821250630138,-1.5757272700906317,-3.5320615718843777,-0.1432499134036424,-1.9620028330939197,-2.0988306062594666,-1.1483065702834088,2.277736156517831,-0.6572539071809689,-1.732145536961133
2022-12-07,-16.040045495964556,-8.948095802289489,-1.7152594431895563,-3.746704867213944,-0.35193550699569687,-1.9418628042853558,-2.0046113329733566,-1.3066035074637172,1.8654624658743557,-0.6395292222839235,-1.6626611412977916
2022-12-08,-15.218747035747331,-8.561057600085766,-1.7308143264977451,-3.4887516024834424,-0.5194851580903199,-1.4854172675962753,-2.005630336939692,-1.4123479510003987,2.036278925770902,-0.8122767861422019,-1.7708947323239936
2022-12-09,-15.05195609549753,-8.427778364787192,-1.678315931819603,-3.547714136668933,-0.6547097080488485,-1.13775012741429,-2.0925491965824143,-1.7006643814461426,1.8335020862868852,-0.9859360455160524,-1.737030034876058
2022-12-12,-15.385195872224742,-8.571661587506847,-1.4289450116955293,-3.484715423374341,-0.8500184606538429,-1.094278141180908,-1.9413684735344419,-1.3119523487192983,1.455955288293591,-1.0621153718355263,-1.9180258739029237
2022-12-13,-15.033407808895788,-8.234694671475308,-1.5684637104916628,-3.2888253021905505,-0.8084811590718556,-0.6137646465721153,-2.373368823355458,-1.7744206421052828,1.2876953929658166,-1.3200626841973069,-1.9583533760630625
2022-12-14,-14.652414013496522,-8.0067026906939,-1.5509027508494944,-3.218818223339846,-0.72705302362441,-0.4729062420588459,-2.4934796755018263,-1.8932900138712552,1.2624016875256405,-1.4629733362699104,-1.9581471493938898
2022-12-15,-14.54179589984901,-7.724931284528323,-1.5911753714529613,-2.9784113167034025,-0.6632920760798999,-0.20694375721769606,-2.682693815479704,-2.0849571153837396,1.2171831768854657,-1.6051745530803307,-1.9026123680949845
2022-12-16,-14.417473449723479,-7.65921647255788,-1.543711744837181,-2.868217278370836,-0.8320685536890767,-0.058664235768527945,-2.680577346678234,-2.528842055138926,0.9583340457794205,-1.908508779177017,-1.882263443385618
2022-12-19,-14.742514932564944,-7.74656392285484,-1.6314953185655394,-2.771810570311295,-0.9084965319698286,0.16193753989725226,-2.2694405484750297,-2.866083019987155,0.6893133029942433,-2.225872452606364,-2.0712396365120593
2022-12-20,-16.080122518069196,-8.095634393441703,-1.769550167026575,-3.1700023274100313,-1.1662171038436098,0.10874250582696703,-2.3680459784821313,-2.9850932135381973,0.1586513454446546,-2.2583915583003837,-2.233457776668709
2022-12-21,-16.824860901120562,-7.990322306023087,-1.8916030077342025,-3.5231224154832317,-1.2434522583145249,-0.11471924160382205,-1.9627454513250484,-2.479256262478574,0.339552325678924,-1.7292679974428904,-1.9064380589824035
2022-12-22,-16.55623790896933,-7.739530394171476,-2.0953787695349355,-3.381750674528826,-1.6095327397795516,-0.0034534163602525647,-1.989036722318815,-2.471838615533751,0.3744332362889614,-1.8871387701578055,-2.119971794123724
2022-12-23,-16.581428706443372,-7.712356020591955,-2.1645447585878346,-3.4548775651524397,-1.663326018379878,-0.02845888828161164,-2.1932249400251496,-2.5249392637859467,0.2632136077069587,-2.0434828403598964,-2.320283958281855
2022-12-26,-18.46600995225736,-8.330629619603506,-2.2908571284339025,-4.0622258993646625,-1.8157596717718651,-0.4412131829984117,-1.4110723789726194,-2.4935621524928138,0.10455410095596868,-1.842784697260477,-2.434507238139538
2022-12-27,-17.171319865125778,-7.675136832568933,-2.207126348533722,-3.8994511888701444,-1.9041225132139892,0.009556576626292945,-1.5190602000785747,-1.8428046429014135,0.5401099784025782,-2.146154085771528,-2.6390841749241316
2022-12-28,-16.904933115989955,-7.895799998235008,-2.4861955695018203,-3.650921068514267,-1.511834737038761,-0.06299419775131324,-2.141353791220482,-2.510601577162739,0.46010505215105696,-1.7035035809344046,-2.0533041671269445
2022-12-29,-16.96959641850272,-8.129612056636496,-2.466113103004236,-3.7553043371562485,-1.7489140220150372,0.4062781171308991,-2.4966483205924,-2.72201806104792,0.5019322832282205,-1.8753073188000435,-2.428850301885576
2022-12-30,-16.509793229160056,-7.983926238576388,-2.5332257569371235,-3.8272178428704824,-1.9515096693169567,0.9878744157447226,-2.7573486819356745,-3.0888735795515387,0.25849483807600737,-2.210906779552908,-2.5859660699647353
2023-01-03,-15.147251868156932,-7.5360684616897196,-2.766903621766032,-3.6137307988866274,-1.5767840065093504,1.299582985710733,-3.545678497029942,-3.10830992768425,0.7926996183167613,-1.8963755958401054,-2.140934623271333
2023-01-04,-15.124427739960801,-7.323744381812411,-2.873738260504291,-3.438699396381646,-1.488544848193167,1.2826308091620846,-3.778599087214988,-3.1392480630039077,0.5991052861853158,-1.6965723264532024,-1.9623193755882025
2023-01-05,-14.831303967753644,-7.0525045343788575,-2.8943004424934906,-3.372194225967048,-1.5296135599540546,1.202295223360003,-3.754944937660666,-2.8659948328703386,0.5119185721132233,-1.3988952792615494,-1.414719473559007
2023-01-06,-15.26775961493463,-7.0476575520584035,-2.7985806728386415,-3.395379013814707,-1.6997975075215312,1.2377603575370266,-3.1899651782177365,-3.0364981634959363,0.6232589000258852,-1.462423324047423,-1.3613752455765151
2023-01-09,-15.39154830627491,-7.11527622270281,-2.7727658967472837,-3.6062476870827176,-1.6816472585827922,1.172345342959034,-3.060871948607705,-2.937636876428015,0.6537050889324161,-1.069867648223335,-1.2610158174336337
2023-01-10,-15.212173335358866,-6.982765669717858,-2.9815509167778114,-3.576757912175628,-1.8390165836175596,0.9264631514337018,-2.8491659241756935,-2.8466052196338687,0.6688959671754315,-0.9748017081308603,-0.9069050761019334
2023-01-11,-14.982339163054467,-6.894437179952861,-3.047955215559731,-3.5178547208969624,-1.8392784139885787,1.1642757301861604,-2.735863052803291,-2.9256164102063558,0.6030005028237823,-0.9325703832619521,-0.8920066251677985
2023-01-12,-14.850760524306027,-6.727805968826251,-3.1106284237893087,-3.4530894763186297,-1.951153529824676,1.299516331499775,-2.763379110802029,-3.0439301941760006,0.2816412403285419,-0.9958082504655685,-0.7160801256365215
2023-01-13,-14.806658108842527,-6.694801030899722,-3.291695853916954,-3.2747946720912218,-1.8628238601903764,1.5958122375087895,-3.0116639861291543,-2.897900112664607,0.32564391033195716,-1.2345910181752795,-0.6878315100058893
2023-01-16,-14.884142449627305,-6.509021125587475,-3.336356824905946,-3.2613055214167384,-2.066709402177027,1.7570520567195569,-2.678317340962128,-2.9519494199343845,0.46281735577545463,-1.037991984743215,-0.2862776085837509
2023-01-17,-13.857467879563472,-5.992644033369217,-3.397177801966887,-3.031320151428309,-2.016999536909069,2.2330927899282633,-2.937644980837023,-2.894779176252692,0.5631797612127154,-1.0670311631643947,-0.09031551310114072
2023-01-18,-13.281953505720232,-5.6899715970489915,-3.1013276078746226,-2.896703809045178,-1.7699434225252835,2.1899154478227403,-2.84486071933207,-2.7402112142234465,0.6101196395844142,-0.8380385746750176,0.14321465878264
2023-01-19,-12.72032346082184,-5.524613111505639,-3.2717620489887125,-2.5773326016544185,-1.7707144194619862,2.566985817531474,-3.0509079373170485,-2.6507676366551154,0.44974006801112776,-0.5978883556382151,0.11943114473867145
2023-01-27,-11.975918197050408,-5.265514459398096,-3.083430182316537,-2.118250433842877,-1.7721456185486848,3.1140882185426655,-3.4742365214700746,-2.4088610497656697,0.27221739586161764,-0.361660515441821,0.19718248894512858
2023-01-30,-11.750140231686279,-5.164805914811263,-2.8986977450737728,-1.6669281245098473,-1.8686118011167832,2.796255771572688,-3.0828661062165956,-1.854633014861256,0.48020564470664706,-0.4690085061186715,0.7987232097389874
2023-01-31,-11.34180919062604,-4.64540118526084,-3.0676597241527013,-1.2741474572064915,-1.7520303023780772,3.1191798303411575,-3.10760310033272,-1.4904511631524955,0.5698563707148819,-0.5150975137097786,0.653355222994856
2023-02-01,-12.74853063250312,-5.364536515552498,-2.816229039645504,-1.925730490910027,-1.9661829834571796,2.460158950309692,-2.379423963491532,-0.9713564019418144,0.5421601378507483,-0.6456082584180034,0.7418118292790377
2023-02-02,-13.449353647778434,-5.4394976259794605,-2.918717185259057,-2.005760226624649,-2.167014532382207,2.4115549282747932,-2.253930828694066,-1.188779449288142,0.4849222273979509,-0.3899538514753814,0.8273966817741845
2023-02-03,-13.346603172770987,-5.343619655169507,-3.1530585709788252,-1.8317220505641858,-2.362546641446877,2.344038633372379,-1.8456513508112513,-0.9868649678920889,0.24889625336535137,-0.3986275956204126,1.1952882505877778
2023-02-06,-13.169945000070307,-5.251716846068338,-3.130780567676523,-1.7923157357812407,-2.315406842891573,2.5392833249057443,-2.1203050029213286,-1.1278695763681432,0.24572853232383698,-0.19964965291960818,1.4411618191350013
2023-02-07,-13.885091591021569,-5.627694564941198,-2.9644735274415033,-2.0254979886751476,-2.424203183233971,2.089478861230969,-1.8393247527256722,-0.7052998471464835,0.3266106291205446,-0.30202272311227263,1.2316183836214738
2023-02-08,-13.779393968646472,-5.354737941848615,-3.024428319406389,-1.6185945367657357,-2.4241879036474177,2.2462592609355236,-1.5110966534991843,-0.6196717392998892,0.5760564535715379,0.10901403035728197,1.4886103588125077
2023-02-09,-13.610734235356421,-5.133140056009986,-3.139630631421852,-1.501498118982083,-2.4038737355954356,2.3099257607824306,-1.6370332203886595,-0.08733694139275272,0.436566947012935,-0.03662212576360996,1.5611243994820574
2023-02-10,-14.208188856173914,-5.477647689004288,-3.12458630653404,-1.5300458772740537,-2.4365854290902793,1.9744864355238936,-1.2628366555639592,-0.010309544669010132,0.3412666524239399,0.4809579002137757,1.447143958936949
2023-02-13,-15.568871575735574,-5.738134342548795,-3.2071137942512875,-1.8513354619845024,-2.670198513860778,1.948594006607965,-1.0601699271672667,0.2231245325806073,0.5786613665534627,0.783288700644351,1.430072380633637
2023-02-14,-15.38566727543109,-5.574032446288023,-3.324244164470181,-1.6337396642327833,-2.6793351818167097,1.7559448428816966,-1.3161090362882284,0.3811961769778044,0.3910772277587914,0.5175986190771412,1.437428289828154
2023-02-15,-14.77897728774856,-5.199900614240022,-3.5703591907612906,-1.2633924817723714,-2.632941412023567,2.2344292838943156,-1.6229461116160404,0.15390144369965997,0.24574971373742965,0.4363077092641246,1.7211253699773856
2023-02-16,-14.150359619585888,-4.67333344970149,-3.6299190268254597,-1.0459938273190486,-2.5528969699099813,2.548967671552012,-1.7199325370728675,0.13156943656669418,0.16046799955738517,0.5467106314928787,2.0648962088369776
2023-02-17,-14.160750120054793,-4.539031248827594,-3.8262320720583274,-0.8729824088619764,-2.6679227545578366,2.8853621729656367,-1.6515459583725463,0.19676482641163012,0.1433149000198454,0.2928218211962291,2.073985342801734
2023-02-20,-12.763199128874595,-3.973489548976968,-3.764954583326899,-0.3954681363120008,-2.4585103658624625,2.972545905355091,-1.8862241490285971,-0.02836960524773066,0.06117125404482732,0.4803957450222285,2.4809727122693834
2023-02-21,-12.721968137205689,-4.240372855194624,-3.6160599395470854,-0.14908258713482336,-2.390185998980649,2.772653670438855,-1.697155335914215,0.02896800189265305,-0.08224695394396062,0.6694364362518835,2.4001816472688833
2023-02-22,-13.901241396217202,-4.535854699193523,-3.408800457009264,-0.4087288296552643,-2.651525296759755,2.478714103489993,-0.9699766444976865,0.5081739293609855,-0.26281363717983575,0.5796503180891587,2.158877886617288
2023-02-23,-14.056244637643822,-4.168024590517805,-3.645480038226017,-0.43413112148801924,-2.616624868081439,2.4572709759714044,-0.7915260043348162,0.6815423145824158,-0.2240603291893658,0.5453687939021741,2.404491877559971
2023-02-24,-14.661738964696434,-4.390429596314558,-3.6537445590824764,-0.2955085170698259,-2.4966808525395807,2.3697438729570988,-0.6238119337125996,1.0175527978189753,-0.17073315683571622,0.3109812138917325,2.355458132539372
2023-02-27,-15.747411421326742,-4.554271387738446,-3.730485765526169,-0.33729853766320883,-2.577314565386684,1.8452589193075197,0.16355997027476132,1.3101704530959044,-0.328337068637594,0.29215225184787763,2.5058523172367595
2023-02-28,-15.736192513557372,-4.411638890565142,-3.5621758998654824,-0.15448215422351153,-2.479502015369545,1.9104011046349882,0.0947108669408912,1.129599726970854,-0.36802246764766955,0.5873640607289657,2.5048250411926256
2023-03-01,-14.888599531477109,-3.8991373210219185,-3.910697429850848,0.03329813322606123,-2.5053027906167493,2.1450633823430643,-0.19572773602262422,1.1167758073438288,-0.7924637866358117,0.8193921816530445,2.873855385557071
2023-03-02,-15.044890387744278,-3.8933579286863274,-3.8178081604898617,0.1269336688435342,-2.594589558797592,2.2287352961000146,-0.2532650819178035,1.4083040308843378,-0.7434912438940311,0.9580164600961417,2.792927068627307
2023-03-03,-15.576179845724237,-4.113133211990194,-3.8836212865572564,-0.06530834734344138,-2.6081948950060783,1.916883424648009,0.09707438803015978,1.3661120007308987,-0.7606006084505378,0.971634734409601,2.624272106204204
2023-03-06,-15.313584760637234,-3.9417456997739526,-3.9000592161765275,-0.02730027184781847,-2.6241475129765046,1.9605944381242877,0.1763106042207876,1.4770966510456907,-0.6418900063580157,0.7849829507287878,2.7420879841642782
2023-03-07,-15.21601903034446,-3.8637046846422223,-4.125635164887807,-0.026815617518147428,-2.5507174298797346,2.148314154973023,0.01462910624287228,1.2384932351998623,-0.8671398953579567,1.0865792993552763,2.859870251604028
2023-03-08,-14.84227791460949,-3.55602247845085,-4.19276418156867,-0.055988729112020685,-2.5476068640230616,2.239818194598151,-0.09979946445996513,1.1540149285418964,-0.88040556106718,1.083487163781337,3.1899123526429207
2023-03-09,-14.31930064697699,-3.6632502133926295,-4.281996001511775,0.032480192262300034,-2.440359187275869,2.5103225123715243,-0.23071817482978751,0.9077955347656956,-0.885177084529841,1.0214898499680636,3.116233073627471
2023-03-10,-14.566471591045573,-3.8517026472221847,-4.201365670610843,0.12847950034232447,-2.436888446505863,2.2747808418677393,-0.3110486270597942,0.7514499411379716,-0.9966841108591713,0.9376157400774364,3.0047348319808034
2023-03-13,-15.004843072186528,-3.917912145656092,-4.131931201569025,-0.014938562856268933,-2.343419464206831,2.0223538586563174,-0.24547712631140284,0.6711209917109701,-1.0689811973045016,0.9322597733600207,3.1569254353035414
2023-03-14,-15.870661724917657,-4.41016968674149,-3.9469209166261776,-0.40264796845173223,-2.314383486725604,1.7244011501176395,0.09014901643112982,0.709009149627152,-0.8117475904931658,1.1859543402216886,2.8507913544389325
2023-03-15,-14.5140427554728,-3.5843098054031444,-4.238551351697551,0.10644866785447549,-1.9260973081811739,2.4195257529390246,-0.14483176438112105,1.0110649970388361,-0.7090615655964412,1.3172809242372185,2.952032682839104
2023-03-16,-15.428048063439006,-3.9305412109674487,-4.077272950963601,0.05678725080539149,-2.0179028957696246,1.9645152413700913,0.2909078098367164,0.6636977131153718,-0.8263574919645194,1.175938030157113,2.736024652897555
2023-03-17,-15.15547477644154,-3.948460943003599,-4.1555886042495445,0.1270342625512535,-1.8770183679244634,2.321411861286427,0.326511422760663,0.8861284794715232,-0.9685064223893796,0.7625026333444133,2.676822080144567
2023-03-20,-16.062444561609038,-4.282946067683053,-4.082389942769615,0.11176784056920885,-1.9564634007966584,1.8593026394061891,0.7353393098067377,1.22912367194326,-0.8645060023532279,0.8790800198004507,2.6293338369012265
2023-03-21,-15.67716657377407,-3.9589175096045883,-4.337524518657032,0.28097318494123613,-2.098494727703917,1.9471103665367435,0.6088753766173797,1.2866970324439362,-0.9700458202036638,0.8684887789961439,2.7511538521231174
2023-03-22,-15.525065940978138,-3.9326730960188043,-4.470015093945441,0.35907056368086043,-2.0706971031972863,1.9586959848737664,0.5819292134265636,1.100563341522554,-0.9639730259301471,1.02713718113595,2.65678367628992
2023-03-23,-15.393185052520256,-3.777267209643393,-4.580491323881105,0.5258409311719823,-2.050699146679481,1.8796718664545804,0.5474493764080159,1.13343812323412,-1.070092561775014,1.0809457844629435,2.605691979962044
2023-03-24,-15.247268460565667,-3.732518768734019,-4.420335868802773,0.7022833096739591,-2.1134436363212115,1.9696334004611693,0.6767740412276413,1.007262389990415,-1.3482497307822867,0.947880720204641,2.426288044914033
2023-03-27,-15.028546382339808,-3.4345460316174727,-4.324959364255401,0.6846122943351487,-2.008074949736989,1.9884443050895664,0.7293409727393443,1.1368531439499865,-1.2970692977140827,0.9070153686434512,2.4813650563357044
2023-03-28,-14.953183182782904,-3.408638885101304,-4.358364172612995,0.9116600590246935,-1.8336443228732646,2.064931117799721,0.5526119798387075,1.3684578380843901,-1.2473095693039116,0.9239732029484304,2.408573509332277
2023-03-29,-14.94813442345124,-3.199603936881004,-4.505686179635767,0.947095399361182,-1.7393307666783295,2.2994740357207255,0.7065620847579446,1.409049675513634,-1.0655466636776574,0.8092657922812584,2.4091803339208697
2023-03-30,-14.938736700454724,-3.1194081742344704,-4.5406213613679345,0.8794622148662561,-1.7100204210460772,2.4411052073674693,0.6007786335081193,1.1463343083547974,-1.0483103862278131,0.7646227642509942,2.137582218354852
2023-03-31,-14.739352090359578,-2.9946219995173524,-4.495788924862222,0.8656971087779487,-1.5891802725223443,2.4817363999707256,0.6686836592793914,1.129745859262293,-1.1834893791344756,0.7041362792386926,2.062296227837085
2023-04-03,-13.928777123106421,-2.6450245309580485,-4.533537078681986,1.1207287433606528,-1.323686781123995,2.5491373097469214,0.4676985658059805,1.0049425011589521,-1.1785798045914953,0.773520386928661,2.210805218393983
2023-04-04,-13.537370864148128,-2.456448485938971,-4.509600370016951,1.3248451134290757,-1.5080774559574324,2.650628617117552,0.3228642826557672,1.1803839303860117,-1.3507543520585892,0.5997455696043411,2.2029041792452384
2023-04-05,-13.171946762507737,-2.2728630636499623,-4.478117036184974,1.745012691593745,-1.5173069159124246,2.9877282961416802,0.14908840595022443,0.492606305404598,-1.4653236578101865,0.21395254266721755,1.9803974518972667
2023-04-06,-13.231393588079474,-2.3712054080130263,-4.411584826731436,1.6789363323956332,-1.4826495092802843,2.7905194868731478,0.23126044961787912,0.8231109729666205,-1.152652576920584,0.05998412733302955,1.8272790114691642
2023-04-07,-13.12224573646023,-2.196928722262139,-4.508330468610551,1.8397086967205398,-1.2796437407583159,2.801231276731592,0.3542734184078342,0.8958365339837169,-1.477621413699861,-0.06392376389543396,1.9992097434893443
2023-04-10,-13.112946393586359,-2.2622024462110844,-4.354923469829782,1.8324686556458658,-1.323483180220832,2.877497908819631,0.42841332000410665,1.3531052334672025,-1.19763177039778,0.043317041209048834,1.5631347750018585
2023-04-11,-12.828305611793862,-1.963742968252217,-4.441473788802607,1.9636055497662552,-1.2631481654439807,2.9353621988131002,0.31059450332474997,1.3665004468744302,-1.3262645642454913,0.037629606661335704,1.5125350465863057
2023-04-12,-12.715082343557667,-1.7608969143030238,-4.39663873171173,2.1036998698369653,-1.1299796550109216,2.9183829770240455,0.33303843092462915,1.28146695976096,-1.4229431826272705,0.030234405908126996,1.3052430532251136
2023-04-13,-12.992662826462752,-1.8737837627809952,-4.169594791677123,1.9403791348560921,-1.2773912883181988,2.690862222453562,0.450913644892475,1.0617946243466476,-1.7315773790327937,0.05858701966934412,1.2498465831104215
2023-04-14,-13.8228939938546,-2.062836979143737,-4.169563169184517,1.762155493515965,-1.4753871508764316,2.651974831132186,0.839758345028162,1.1293413682995848,-1.587979086759621,-0.04633172411043612,1.086227392394169
2023-04-17,-13.822125242110758,-2.0306203365571895,-4.21028745031135,1.7838578128693665,-1.538116998812043,2.5089815245300486,0.9689945795581782,1.070948196485389,-1.6160672673946328,0.00025331329785536344,0.8116219450364404
2023-04-18,-13.574259861397138,-1.9589418537215508,-4.31705197809973,1.9434469559420737,-1.4341224012789198,2.4289222729750586,0.955470939846589,1.2384554809649742,-1.462848973537778,-0.06062911105061394,0.8819219308853531
2023-04-19,-13.85884561532755,-2.051500297967227,-4.225584110810605,2.075721068191644,-1.4391513804797373,2.3976700361786487,1.0946384723824503,1.4963154427928664,-1.5383676221598315,-0.22779365904259624,0.6554055625380015
2023-04-20,-13.700216021158228,-2.160572650061842,-4.3365985532973435,2.2035193858558326,-1.395347462826624,2.5084915423540277,1.1152862954281673,1.5737264215133941,-1.4169998563073294,-0.26146219888077865,0.3235630941491008
2023-04-21,-13.832825574622476,-1.918145297397086,-4.529740374769773,2.482298175468607,-1.504853971209049,2.336195300274377,1.3132968218907426,1.635914668868657,-1.5482007956951767,-0.31385334335328124,0.0669042713794836
2023-04-24,-13.729238719974468,-1.6702867781724193,-4.662105248159345,2.741946051553562,-1.595570801814243,2.2394687611524158,1.5660278287136968,1.5058420239634818,-1.5364652451243952,-0.36508098688494456,-0.2901131483615389
2023-04-25,-14.012766955924626,-1.780475283477387,-4.524183812889689,2.7526607740600166,-1.6168198569265995,2.006236655498843,1.7047919784816257,1.590929138910989,-1.520573811709457,-0.49354018889412,-0.5098236011707385
2023-04-26,-13.586728109001259,-1.5207791987800128,-4.6811046353937655,2.6830211934407338,-1.4247260762587948,2.093324900007506,1.5391480621702236,1.6794047517275552,-1.4428891246881093,-0.3798216728712106,-0.5744845088939714
2023-04-27,-13.426200264786686,-1.4780352989946568,-4.608512231850996,2.95041561155982,-1.4030937568746475,2.1009446861989365,1.5508772978581953,1.8973117053379065,-1.4299332455871432,-0.5394419761589959,-0.578537829821234
2023-04-28,-13.14940108220308,-1.3118852149452382,-4.50987366054835,3.101560473201748,-1.1516091038233816,2.2395649088512686,1.5089087591646337,1.6136004640018329,-1.337374946532874,-0.4195258525615551,-0.5513941573179746
2023-05-04,-13.15652055565286,-1.1222263285531109,-4.3725283119145955,3.263709094885204,-1.228547684856459,1.9941494816686438,1.86943531999872,1.3135925685860164,-1.4632219937301376,-0.5366358519895297,-0.9953166296753213
2023-05-05,-13.157879669817797,-1.0278257784068607,-4.374642661384653,3.451459378337903,-1.0845943078328015,1.9773745269190468,1.938296557111386,1.3116511109901214,-1.3557427789660461,-0.5312289639378251,-1.0092468490588045
2023-05-08,-12.669204753635487,-0.7991440520328419,-4.350324956678201,3.4593567365032807,-0.8555830321803111,1.935767814875796,1.9074486017669465,1.0021701346083933,-1.3865307030918914,-0.3853468450713044,-0.8658129099815738
2023-05-09,-12.535066550204398,-0.5481818870958822,-4.374045660672507,3.445567419880506,-0.9187138866184612,1.83424170128251,1.9851459860122604,1.1467781083736426,-1.2701010667314283,-0.19353413921544435,-0.7919507296249696
2023-05-10,-11.8672034775979,-0.5025366052144906,-4.296349891846653,3.6352230339732152,-0.8802610617847779,2.019796657745961,2.0601371385677445,0.8195213167560507,-1.0934477791859614,-0.36650654954532913,-0.7460329817279012
2023-05-11,-11.641718896230532,-0.3061848589038303,-4.299577161073688,3.932602935293668,-0.8627814434507394,1.9051837327133354,2.1074984384568975,1.0918640119031147,-0.9782633351214676,-0.5447665511157849,-0.8629636134228642
2023-05-12,-11.22046087389251,-0.0986545698361011,-4.35458261369362,4.0460440839305365,-0.8370959364852373,2.0919782692783846,2.109383992368407,0.9259490802163082,-0.8101288188624398,-0.6794949366295897,-0.9728130082027964
2023-05-15,-11.257244212853761,-0.2464674627425592,-4.359139378738004,4.085903224574843,-0.8966782003073897,1.8520329278976766,2.1651176442429994,0.9589602250867375,-0.6058723226424094,-0.594742297546253,-1.2445232917185163
2023-05-16,-11.247624225331704,-0.021003291058155238,-4.191956075941066,4.018694278262625,-0.7687391017037988,1.6511995623799518,2.4172931135242473,0.7012479005894376,-0.8824460913668892,-0.5224567081157913,-1.1402692047669412
2023-05-17,-11.408172756797452,-0.32491830691732276,-4.192194335400852,4.1157636455869175,-0.8189070896175269,1.48482199915775,2.3926702692168447,0.7305892616925946,-0.7887201953163462,-0.6015428079608209,-1.385484077715851
2023-05-18,-11.26268477073048,0.03039967673402305,-4.399934738329252,4.070721793354346,-0.6338464814807541,1.4670355886571287,2.2100097261381473,0.9684002943983459,-0.7772463601648403,-0.7307638646042635,-1.4898046687788222
2023-05-19,-11.262741275520161,0.35334541683213455,-4.315875639279658,4.365159152043306,-0.4018058405363758,1.2543833755376605,2.1894229497674065,0.8902115817752311,-1.0603142369975536,-0.6773850180639948,-1.6279680609939888
2023-05-22,-10.71310394412039,0.7432973640178401,-4.5224206187559215,4.844539768064885,-0.18041170291198844,1.2789326158981393,2.3669345349345847,0.9126797835818998,-0.971724408978472,-0.6224950716688322,-1.7572285808103585
2023-05-23,-10.811718946779303,0.8263380094942248,-4.407650302852808,5.034696452857953,-0.12716350867246975,1.017386287414453,2.452151074974725,0.9713236179652448,-0.7944739251470989,-0.711139016930803,-1.9469570574799901
2023-05-24,-10.66472251255159,0.9424436666435092,-4.48923015324836,5.059823432950843,-0.007709604338730747,0.9122894643391701,2.686636022719951,1.2744267662200741,-0.5953784079864513,-0.7802456540653289,-1.9635679349876263
2023-05-25,-10.614008443777296,1.3499872071378303,-4.385136124596664,5.302790783423286,0.18190622713873889,0.6433747265629034,2.723749067141115,1.311284814987864,-0.5051472420231206,-0.8279074815864491,-1.9334557158689085
2023-05-26,-10.074079935672161,1.3680076212560155,-4.388883721836818,5.477328760210991,0.27647326712610437,0.45900049297757806,2.799023691670768,1.3886391857899396,-0.5440030702559739,-0.8600320662967179,-1.9529689924344078
2023-05-29,-8.909464461636553,1.5362432847335592,-4.267956251602798,5.752054665009098,0.4847547241351724,0.529728811574601,2.8942672174983066,1.1346236737544113,-0.2692302721188605,-1.1616524381596167,-1.708129131049331
2023-05-30,-8.559676455804297,1.6929598716968282,-4.230217311259961,5.869133307809038,0.6046262041846483,0.5220969519833942,2.834175238631615,1.1726697555942405,-0.30524650949619136,-1.1879702366098193,-1.571668581537512
2023-05-31,-8.02860502608905,1.6782360959513176,-4.112067242783048,5.895488896808683,0.8914710816138117,0.31366306573459146,2.9392312578103987,1.2062710646518133,-0.15460735927968788,-1.2344916914773636,-1.6505830286934668
2023-06-01,-7.33702035134565,1.6707765459195412,-4.058750810215008,5.967649818014033,1.1226600041085455,0.4408035880761247,3.0168362448750456,0.891386932709312,-0.012935597150627642,-1.3729424209838332,-1.6957276174253657
2023-06-02,-7.144345689390449,1.87714101493187,-4.0592353081799155,5.6837526099312985,0.7182273837876427,0.617913214960692,2.62925553741821,0.7016071636584755,0.0834312406759612,-1.0295734426390242,-1.6479029376047558
2023-06-05,-7.184545975865624,1.9159929620571683,-3.76348703716109,5.5120012178490345,0.6795382858504305,0.804082018521104,2.380474251368411,0.6772915515471074,-0.09206218259870852,-0.6844855396247469,-1.4468878231865032
2023-06-06,-6.57556849996636,2.126882899596887,-3.6557471294753507,5.897056108221658,0.9458756085261701,0.5957382405138785,2.5132522596169586,0.6866085179392705,0.17767782006797983,-0.7400654914638278,-1.3774751394097706
2023-06-07,-6.100707850524607,2.0994813601644275,-3.6520816648648498,6.149049107678386,1.1267480545356716,0.36511031488224344,2.6016626922602306,0.5847686176984652,0.40622903772849633,-0.9323556261740866,-1.3198826942227346
2023-06-08,-6.485881535184303,1.8855068950054208,-3.481227211313007,6.171979767219066,1.054161551547335,0.005904921548192846,2.9653323853339733,0.6803936287358252,0.34080841137430895,-0.9049199866210786,-1.3450676688788556
2023-06-09,-6.223413111603668,2.09497724294315,-3.4280807049454314,6.456391128587812,1.1537296756228637,-0.12394895731568284,2.737018570758416,0.5172439502331677,0.48025382865342103,-0.7415317955036372,-1.78228396590617
2023-06-12,-5.597994356937852,2.176253188802966,-3.4105104584634205,6.621849888165313,1.427018906521284,-0.40656285360999694,2.4939748301447304,0.5188951914594732,0.687585459455109,-0.6477385887670425,-1.6149276613806205
2023-06-13,-5.1345213093468605,2.2988022975717617,-3.499508675050829,6.75463883773396,1.4691376518361867,-0.5336161942397106,2.705125626816708,0.436657805184366,0.8861137315463231,-0.7435644879637705,-1.6062403516872685
2023-06-14,-5.886800194387838,2.1050922932070626,-3.616228209985621,6.276514941905919,1.2230612013683804,-0.4703105056629974,2.722171319149205,0.6515678700762986,0.9322623937660576,-0.4561610073221989,-1.6228271831590948
2023-06-15,-6.118105368993593,2.2914230564945104,-3.636263358000598,6.236262546953732,1.0396664374234492,-0.4347932954736431,2.5937789001104585,0.7690969683009898,0.8088309490021983,-0.21239239520857414,-1.708616892207937
2023-06-16,-6.40693610520448,2.3974763183747214,-3.6845649378895455,6.216048054745218,1.0249278663683394,-0.3876280920194596,2.375536833034881,0.8532619776196639,0.9393016853031962,-0.39261818176039665,-1.7227665751719217
2023-06-19,-7.109141465882465,2.5341626417726415,-3.621952078987932,6.121931782758731,0.959017540726343,-0.35845370018032374,2.2989774810471495,0.750781277050269,0.6322652055476947,-0.27527433692305425,-1.8333632477159971
2023-06-20,-6.252337035095528,2.973603968972217,-3.5337774277506604,6.518112103930797,1.19687505246694,-0.19203497249982387,2.1969952220322675,0.6876064221330802,0.795392717773763,-0.40974929651892594,-1.7594510461534372
2023-06-21,-5.556906498034108,3.376212492742707,-3.706850741154069,6.872564952813566,1.254299540442326,-0.08451846668624116,2.0192636482041233,0.8118440588724076,1.0378767417405816,-0.3329951621839473,-1.609931159722097
2023-06-22,-5.180276992394708,3.3512658906983845,-3.6656548015670696,6.950527884550635,1.224595587930417,-0.08798936747939418,1.9684692876725678,0.7426653033795534,1.0022039344540978,-0.16637932766370114,-1.8244631931423851
2023-06-23,-5.030047938541154,3.51811251046458,-3.6429627178430084,6.803356531399191,1.3368465778226306,-0.4798932595156438,1.9088865937928072,0.7413961598061047,1.073879847775119,0.10190485277766428,-1.4818430913656373
2023-06-26,-5.313115552237351,3.7062721362097264,-3.419723464590316,6.546110266174228,1.3195653431499677,-0.43249491688438507,1.6802429975431394,0.7726510977049028,1.0152596689447093,0.3367528000234846,-1.3341392115428097
2023-06-27,-5.120365485263398,3.9884827355313255,-3.5146259116113936,6.634518895268328,1.2520064845982606,-0.34940924920054417,1.5020212026223856,0.5907839204968373,0.5714042595158758,0.4850587279934644,-1.3852338291557695
2023-06-28,-5.090399118388034,3.8731425560556714,-3.463428069479804,6.464313705110129,1.1465810556952207,-0.2961966285905664,1.6163511848440315,0.6031976992864134,0.6208659720138265,0.6539642774607084,-1.6325879230581288
2023-06-29,-6.034225724391991,3.5780440421177095,-3.504946074123847,6.162197665466138,1.0726748927675849,-0.39046195403368644,1.794021972062856,0.5102934860318322,0.48781959576590656,0.7542736354571671,-1.3591298466329083
2023-06-30,-6.2104729591380945,3.5496575483111923,-3.409593017118354,6.048041222071459,0.9905179266613509,-0.2455120472962434,1.5009332156926058,0.2608014913477033,0.5067110427369308,0.6761835186183556,-1.6224334433723262
2023-07-03,-5.898113502723696,3.8621149269420996,-3.2949861258807367,6.022136586903358,1.1227110360392838,-0.3740004280984309,1.5409911433343728,0.5996694522496797,0.5747338071356753,0.8439634530629683,-1.4599890043536692
2023-07-04,-5.22958969461935,4.082187406342621,-3.4157230902381412,6.091538285826752,1.3256040670958502,-0.3855041690208784,1.3838522720046877,0.6140901568272621,0.8387513424363311,0.8018003695444289,-1.6165099789702935
2023-07-05,-5.150664358335816,4.1080130338831555,-3.347943687336294,6.158301925054282,1.077951424021224,-0.2643907068207088,1.403850184816,0.6203003763948867,0.8304171561310271,0.7852768880113468,-1.8747612673791016
2023-07-06,-5.778906264121356,3.9936408880744363,-3.2256461070671323,5.975091599708136,0.9791767991744504,-0.5528858628467146,1.5298501902019945,0.4754461964086525,0.5767014802507063,1.0019862040717487,-1.790123423321593
2023-07-07,-5.312814764281907,4.496787938857979,-3.1173378437597106,6.101942076312627,1.1555341321997599,-0.5973147926541931,1.46821837599229,0.5110367891091726,0.6154922173784909,1.1935372311684662,-1.6153923709908367
2023-07-10,-4.475966068363231,4.740452549085042,-2.986651869845997,6.114613747377213,1.454244376591656,-0.47742830905548483,1.0821007022277367,0.32906544743080063,0.6461555965204036,1.209479468965179,-1.7001540792198886
2023-07-11,-4.328740892910184,4.763406821996417,-2.9121527646357483,6.059206154703468,1.4789401510569247,-0.45289779437810673,0.6926203170813483,0.10442680439746245,0.793469788426268,1.2932075057716603,-1.6051949041436795
2023-07-12,-4.201804485799734,4.91265582790981,-2.984187418907088,6.093210344838889,1.6005807019376812,-0.6266774164378088,0.5649885605773121,0.1740432955812785,0.7441399743749137,1.3204169814495779,-1.4483571007841145
2023-07-13,-3.453203775167137,5.154373635565639,-2.7873861346217312,6.135345728263459,1.9065861721630672,-0.3355268433824943,0.05829334877407611,-0.1023334199372089,0.9603240754011747,1.306156913385078,-1.6283171551201983
2023-07-14,-3.1479277488197046,5.298275128068815,-2.6301896371898477,6.067277876883342,2.0467928744369415,-0.22186616803104917,-0.06991220621617014,-0.1635123881244839,1.162239552846008,1.0484823591359034,-1.5908752896959375
2023-07-17,-2.7266716303939864,5.220307694726536,-2.484011648162013,6.13140844318232,1.9689806237160747,-0.3504189623029208,-0.06757097630932608,-0.18676121516922542,1.4022308658516514,1.0889103220120078,-1.5742076047383684
2023-07-18,-2.765985007448264,5.345957435414459,-2.612011078153922,6.278638474654892,2.007755530223604,-0.4363064595600642,-0.24170305960472147,-0.1734290395296916,1.4220965566546053,1.1073071746094505,-1.5877902758399118
2023-07-19,-2.979067969437356,5.631594732010631,-2.7611233668536954,6.280696302464186,2.136792776157203,-0.46413564894370035,-0.31759972665802916,-0.05074974624942563,1.2024417005685633,1.1268833125464557,-1.6199450648983158
2023-07-20,-2.5695064666687744,5.7246409323387075,-2.5651658600082516,6.171580411612353,2.109947648892656,-0.7133161962728378,-0.3094500586224597,-0.0794122172992214,1.5033890817863282,1.0969913388768182,-1.426303072457933
2023-07-21,-2.0350534307600534,5.928251546094526,-2.4782218918093504,6.265386005562191,2.3089783621587623,-0.5535759014679056,-0.48985227544089893,-0.40190441001504446,1.4489244634671097,1.0791238196322772,-1.357084700021093
2023-07-24,-1.356353556932174,5.929326582279687,-2.423066392223503,6.390042375834404,2.288787034688026,-0.48873776173430233,-0.5128868595145673,-0.5918137055823707,1.5113056938461962,0.9451843607625197,-1.1625770580617754
2023-07-25,-1.515113678306661,5.723144357771635,-2.331885037899174,6.221754784926943,2.1689273623395193,-0.5536538253216671,-0.6678242468956574,-0.6088768069466928,1.6910164997652488,1.1966273783438899,-1.1706530575624008
2023-07-26,-1.5343457872941308,5.981767947339481,-2.2212378466712437,6.159670413864828,2.248885059721755,-0.583645757582703,-0.6360903074415152,-0.5103867689595594,1.6399886165965607,1.2793839832887421,-1.1080293629818652
2023-07-27,-1.584662590241305,5.950499884180035,-2.1068992835788807,6.0062808513920345,2.201876268127438,-0.6913154050101734,-0.8402196024325843,-0.7524831657375605,1.8627030099022408,0.9020521245217138,-0.8442766124280705
2023-07-28,-1.0112216879465816,6.034944890096428,-2.0552484769478663,6.056840177537929,2.3674035493361405,-0.7250106003473479,-1.0433779615754275,-0.9419410632192411,1.8426692156023126,0.8592727628814403,-0.7799705343972816
2023-07-31,-0.6327527440037843,5.926496085314868,-2.0485577675233904,5.92356533268471,2.18570430328262,-0.8593858002609857,-1.3391655027044118,-1.0863121022705002,2.0937844957277796,1.107910400514393,-0.6251222069492912
2023-08-01,-1.315684890448911,5.929689194204606,-2.0877045704987105,5.483707860473716,1.9500187343367377,-0.7238634442427111,-1.1902495268179236,-0.9901439449176204,1.999138304471797,1.0762513066374082,-0.5432067116550374
2023-08-02,-0.8477388781992353,6.055236550756307,-2.145439031609034,5.533709300272915,1.9775487393046944,-0.7965196639502894,-1.2165542343202003,-1.0774822899182936,2.113000414064483,1.0628141936471294,-0.44591325887962924
2023-08-03,-1.0790955480615696,6.06067343326918,-1.9941768018358959,5.2767238157517244,1.8574602527854867,-0.8748592305502177,-1.2888898336754653,-1.0368653339629934,1.989503162867447,0.9158560507683138,-0.39190610430141737
2023-08-04,-0.28975236262854964,6.313307116042441,-2.0660648999996742,5.187022304469208,1.9249203420060228,-1.1022968717314137,-1.2449625430031954,-1.2177964780028137,1.9914063168334222,0.6992086428443588,-0.21538033842280735
2023-08-07,0.3836176600349288,6.61877591765826,-2.1831673879338798,5.19146653627527,1.8650781539999173,-1.0358521805471068,-1.644632856871566,-1.5914246762907507,2.0740495388887568,0.9578313144449129,0.013112424581156912
2023-08-08,0.6449884404685686,6.486865000885738,-2.199653073791946,5.361003493151506,1.979730487055612,-0.9447647298134092,-1.6940342605031073,-1.6833727232028939,1.8181124958381176,1.0394174178738342,-0.11989572513348262
2023-08-09,0.8932118898076451,6.36397911401529,-2.255306213739967,5.363024562493219,1.7615330449895288,-1.2641674103427365,-1.455799953495604,-1.6100857147017726,1.8139848720950105,0.674921107577102,-0.19716964109018414
2023-08-10,0.27239963524597816,6.001362838573014,-2.0134499305262628,5.017035638608255,1.6272718912972435,-1.655164583322694,-1.077018474041603,-1.544520350364264,1.6921416244581913,0.5731544468267807,0.11075402524420436
2023-08-11,0.25049158980140374,6.154702196344973,-2.1961584543763726,5.007375759946072,1.558040433898471,-1.8171502995610609,-1.2915128156889013,-1.912389218234798,1.8109452037913036,0.656828883965749,0.1913652413321969
2023-08-14,0.9040464518913449,6.492454078172848,-2.2137741940731472,4.9041002557344555,1.544134958817812,-2.087860599262679,-1.343935515161449,-1.9227820406662721,1.9303037180851554,0.36489095914906183,0.4178316487207835
2023-08-15,1.084131778106766,6.624250379308435,-2.1067403278402166,4.9158173353798915,1.4630323580197926,-2.2137725580245435,-1.4685657072235396,-1.7663080804943116,1.8666568306273559,0.25221029977839915,0.4404172612820588
2023-08-16,1.0562231153217188,6.745317984615437,-2.1844932005963056,4.703812105645058,1.419546982371611,-2.2536020916963064,-1.678982178251577,-1.952446000147428,1.940939279129538,0.25443424530672815,0.5810929083254457
2023-08-17,0.3667371929922682,6.8485427551003095,-2.06122869081794,4.247573924401456,1.3379393673594255,-2.5928644138435972,-1.5977866946088177,-2.026028439943498,1.7776394155303952,0.16624981747964573,0.8114300844231795
2023-08-18,-3.311852008982564,5.769199560853906,-1.6977462237598395,3.3332495460245717,0.8200644183148695,-3.4805959404134,-0.6636657625693736,-1.5956401175868957,1.5131706013172805,0.07143672107988447,0.844553155479155
2023-08-21,-3.897983352829262,5.9398345262225405,-1.7477717531470027,2.8148140963192643,0.49423930095381347,-3.11421608446186,-1.2337183874142823,-1.5785440384383842,1.3806516407524685,0.41746673324459926,0.6452856474639475
2023-08-22,-3.542041661193166,6.21966043246021,-1.6771115671627583,2.8222246824612736,0.8216109768360979,-3.191161538980462,-1.4751049440067188,-1.6690432269343636,1.5129942705324002,0.5652140410273965,0.7215504900124847
2023-08-23,-3.7093887545967243,6.242315041713027,-1.6776889415050773,2.720566238270301,1.108854459369797,-3.59928794514824,-1.4952044508291076,-1.448657921950149,1.3511924440469658,0.47130397034223287,0.8326450094488806
2023-08-24,-2.5257904677828,6.665397521311462,-1.6055764288819736,2.9662686912132292,1.4019334050601961,-3.4388091472395166,-1.7345416023502187,-1.8082517368454085,1.3202582763144268,0.25158224510852245,0.8962266537216836
2023-08-25,-2.567244243417307,6.806829726900169,-1.266678842131991,3.0186943511310194,1.4983356229619402,-3.6201297370382557,-1.7379867367885664,-1.648522715617705,1.440178084602379,0.3708913910231624,0.776329306338531
2023-08-28,-1.8576269896580984,6.920757806006954,-1.162761577447788,3.002378333633726,1.7810875684163268,-3.506541009152451,-2.3884646649737045,-1.7616246941251146,1.383680078924969,0.509165664421333,0.924208523504907
2023-08-29,-1.590676853862593,7.111349526680174,-1.2063559719950745,2.8320616470837345,1.890766115350453,-3.3352123189521725,-2.472295248702914,-1.6958820333460096,1.3349647190887404,0.42673782660848847,0.9066428513803091
2023-08-30,-1.1361722635755878,7.553837457013049,-1.1708927393622555,2.7992165655618693,2.0179623420777304,-3.3088224370268486,-2.6742834399082325,-1.7460932210664108,1.4136889150151595,0.5058827388056325,0.9827042792848305
2023-08-31,-0.49016847683759757,8.121586889294193,-0.9847549246366,3.1915062506006873,1.9277957320962888,-3.0460289441003883,-3.0234961969423355,-1.9178107775523272,1.1146298471963365,0.5956555303720827,0.7726000020090298
2023-09-05,0.3192119740410678,8.366528300189902,-1.1738021591135235,3.2828229642025333,1.6920187350405587,-3.0110526334791325,-3.2792834220466185,-1.9218664668197887,1.2551380645524575,0.7536174647899512,0.9039399504513922
2023-09-06,1.005958626688203,8.851885191374228,-1.101930830680173,3.392570029058529,1.8826359605737926,-3.261327047658479,-3.3041476667543357,-2.0069132611298484,1.2910455078235004,0.8668444659425717,0.9774699805883585
2023-09-07,1.2250553445913508,8.965940631103274,-0.8776621746283877,3.3008677316571085,2.045964330967844,-3.250995046239117,-3.375757691491709,-2.0396588312104242,1.4390048613145596,0.9197661410576115,1.1461261301480228
2023-09-08,1.59417384938893,9.093877297718361,-0.5842482218948353,3.4562394049123957,2.0960509276909987,-3.200557903941405,-3.7140939784781954,-1.65066912265249,1.2746365963401542,0.88834803889034,1.0512423236694064
2023-09-11,0.3876802820346083,8.756221038789011,-0.40945550215281046,3.1227540399970843,1.5880403069170206,-3.2275189309005663,-3.6067829005922976,-1.6525514178838874,0.7141912217581599,1.1735921014759347,1.402089486213224
2023-09-12,1.4609079081356002,9.407716860506724,-0.5182969191389735,3.147203522726959,1.8897903848009565,-3.408000120216459,-3.8891604049727353,-1.8665536222058252,0.8381769166695776,1.1402813917092252,1.5398101367464112
2023-09-13,1.264613893740136,9.460704534260262,-0.40026053343530893,3.1226647668248315,1.7534721169980259,-3.5855704981374115,-3.6902614275443533,-1.773426640911474,0.7218047298299859,1.4878872911092782,1.7745215879565035
2023-09-14,0.34598167947978525,9.256183293314475,-0.48436848975352076,2.8367798675235267,1.384655646337396,-3.437461466713807,-3.527979769645298,-1.7441749599967071,0.4450232596985957,1.5384341805053352,1.8765717884547677
2023-09-15,0.4073227770118573,9.4955328300405,-0.2950940296082244,2.820963742942352,1.4830027290733132,-3.5500080203828435,-3.483070305788588,-1.5688893612873505,0.09576719092946842,1.7117119575277182,1.9482449780827475
2023-09-18,-0.16477973667310208,9.27772881437264,-0.21626421933703477,2.7505625686938107,1.364340166876664,-3.383641399884331,-3.3267968774606196,-1.4745071099397777,-0.14666608734892145,1.4718328926959017,1.6044397196469642
2023-09-19,-0.23104426581670995,9.524488709089367,0.018501085585026222,2.526600031787934,1.1486075321949438,-3.3420202070676464,-3.642107328349841,-1.2327594430455875,-0.17693825113529274,1.6053714700232737,1.4404153455295945
2023-09-20,1.0078538994219184,10.008198017731438,0.17122784962360577,2.6429838621993356,1.1186070304749256,-3.2238573934081205,-3.8939151633016316,-1.2242043012601234,-0.11021032309201045,1.3988049432957494,1.3988758480111942
2023-09-21,0.6963289655172795,9.695786503711812,0.12719260986590564,2.634407314413181,1.1743538601472725,-3.268543143614959,-3.8008881432323114,-1.0835091657226024,-0.17688223820715215,1.220337502336129,1.2920609308680782
2023-09-22,-1.1646508103528481,9.022489227929645,0.4430396227611455,2.2612776956181486,0.7706886082008312,-3.5193396390695533,-3.2478159014018453,-0.6965885789785418,-0.32908655382025837,1.4117755651495623,1.4699135354143635
2023-09-25,-4.088030586513138,7.830226020496916,0.5229910857027743,1.4383019622787527,0.44607496311337325,-3.71256422169153,-2.441449866500725,-0.6401277012835006,-0.6483883649699719,1.3380670241626005,1.4563581822130127
2023-09-26,-4.996992632912968,7.526831983583923,0.606055268157891,1.1186776991132779,0.1325043567846891,-3.6082545935454404,-2.060539048717233,-0.428266449111807,-0.9617617448513633,1.248012939851622,1.2363877044953948
2023-09-27,-4.011579635421973,8.385425555192796,0.8349241588242902,1.2448658271516932,0.29514535527723934,-3.7829917625959033,-2.5098815115175865,-0.5356228390205358,-1.2766371339988956,1.3273651592421938,1.2597167597388468
2023-09-28,-4.231946400537598,8.61751131570526,0.9742453343723357,1.1432534655469624,0.12076862161748295,-3.691867757332968,-2.875936685876343,-0.08103481129765855,-1.741781525680792,1.1591115378757917,1.2373838623584155
2023-09-29,-4.058860151763486,8.662101932675002,1.0538001244900788,1.1885593146317817,0.058272795372635855,-3.415257300835986,-2.706820488879747,-0.07423402565437165,-1.7421228307951524,0.97501632144829,1.2574266497445379
2023-10-02,-3.57952044976377,8.74231728988492,0.99312387132439,1.311133467861092,0.17615025509255305,-3.466932122899038,-2.8071900039884854,-0.0026847432629638623,-1.744094289729798,0.9603799344033337,1.2784630265745096
2023-10-03,-5.803218971864116,7.90144729787627,1.0381859772525877,0.7637076102430121,0.005036080150058603,-3.7643625356389068,-2.2508020584248762,0.4728046465362011,-1.8206405542408706,0.9519832087997865,1.049097059129061
2023-10-04,-5.152603291820877,8.462137100146757,1.2237623527455195,0.7972690062033333,-0.013153492039012948,-3.5011335589720867,-2.6974569811947844,0.3780583277628739,-2.0408574104969155,0.6656676380546518,0.9837708823838632
2023-10-05,-5.674926659967749,8.369454618043292,1.4225260037635312,0.8493131667994737,-0.058934086202574815,-3.6165834676182596,-2.2960367550421257,0.9270668113784271,-1.9218097513490167,0.5447116432602829,0.844510230436984
2023-10-06,-5.0333255424869385,8.833270673319683,1.3452127990760419,0.7357134778835642,-0.1591367815950015,-3.1778362596516025,-2.402061198825099,0.6001838777170274,-1.988497129713017,0.7065620999740962,0.9752491449687231
2023-10-09,-4.470220457827965,9.30842810841029,1.5892702524073594,0.7710659147404533,-0.1002739016107903,-3.212264763843546,-2.7171116792737013,0.28653818138112946,-2.378268907572167,0.6905295548843189,0.8041550234463101
2023-10-10,-4.125602300198737,9.484028000757213,1.6342472960826924,1.0053849418544951,-0.1412349459990751,-3.1688055201777745,-2.5709363818248367,0.353208377370585,-2.210121363811968,0.797060517220989,0.9421091748354123
2023-10-11,-3.5937976771697655,10.0559004529316,1.703014499979434,0.8689451899060365,-0.10281541749311335,-3.22928936547783,-2.7912520819935813,0.3442728477421188,-2.3267157303459403,0.7040412713431783,1.0382962894873957
2023-10-12,-3.468734448108523,10.108397622671749,1.740195142344639,0.8773995421078239,-0.0344785977458939,-3.2183978593510503,-2.667059726509409,0.3883462444978718,-2.281901032622745,0.7618289730331639,1.1391464365150679
2023-10-13,-3.3819293082941724,10.281409868962125,1.9480282917728031,0.6404599035155292,-0.1030105694952751,-3.13011614945398,-2.85964727074361,0.4700205480370041,-2.5412080419769154,0.49465590220401157,1.044371945138613
2023-10-16,-4.153179364960975,10.144300308197554,1.9595983448770702,0.2273326918282748,-0.19409970212557093,-3.2720572358783757,-2.8978549846374433,0.8868962434400107,-2.745841650459015,0.6053338970784047,1.2176967283259543
2023-10-17,-5.428547360702006,9.293475124885692,1.5782149994122547,0.17005113184215676,-0.3247791482956686,-3.4146015673678054,-2.0487542132491523,0.548892366051589,-2.576849669746432,0.5494463472334179,1.1483541353172322
2023-10-18,-7.064315389245868,8.809198160264126,1.746476666874381,-0.4097465831369478,-0.5718557498024746,-3.810246069418067,-1.4582630055304997,0.6864178349406508,-2.7025511507391933,0.4817184156816038,1.0218308299921892
2023-10-19,-7.886426942007162,8.27177874996679,1.7524331854634785,-0.7481754375884269,-0.4938717891115245,-3.6515964659220503,-1.057496713945393,0.8013873793743077,-2.4563755853553317,0.24573953321911354,0.7377446529336269
2023-10-20,-6.774486360134591,8.870782845852338,1.743277017252545,-0.5519370452661851,-0.30087199006487986,-3.4970579031056754,-1.480938528381116,0.42838777128719824,-2.572868002058378,-0.037418963537281524,0.791001506806368
2023-10-23,-7.412414437664928,8.636568177079425,1.8029779646035284,-0.7533572578304805,-0.49832278536836555,-3.3235096355228317,-0.7646247170979275,0.27353994866794273,-2.517935725983836,-0.5006333584021905,0.5789989227069807
2023-10-24,-7.046537488811181,8.838669039105769,1.8016956106719217,-0.760464966994908,-0.33169828627459524,-3.2826125050652375,-0.6427524553879844,0.239568549912053,-2.346911907054078,-0.3353639812200798,0.6846682451471581
2023-10-25,-7.092136604675343,8.768863372227262,1.675316080002313,-0.7357515814998024,-0.3972994096845567,-3.2016044857806536,-0.4952586435962064,0.18086706100398672,-2.27462715510348,-0.7454089633780151,0.63401804335063
2023-10-26,-10.11879692109123,7.622905154693374,1.8858072171182043,-1.6042195284598417,-0.8709259087193864,-3.7499442767659406,0.9420522613618836,0.21234602944295006,-2.221865136950762,-1.0221532655413914,0.5408308555376106
2023-10-27,-9.592705363164102,8.159244953390498,2.0238929154892555,-1.7869473986349362,-0.8609452440022356,-3.4846685256052576,0.928616615021252,0.007204631062862038,-2.35321064892653,-1.2951064383309518,0.3333987993078751
2023-10-30,-10.672696748241473,7.256983682464886,1.7780740944603877,-1.848267956256144,-1.1445332076186774,-3.4898354640157097,1.346531533923044,0.3032808298597236,-2.1309008466868926,-1.355838694205488,0.256341030022347
2023-10-31,-12.190557872580243,6.770265112805612,1.8347514735265293,-2.3505299331937155,-1.4885603336090147,-3.773249142204017,2.123987345516884,-0.126837061215768,-2.103288121534394,-1.4611941499378287,0.5387694298709655
2023-11-01,-11.525438910706402,7.417573984647356,1.973057262818465,-2.6749563254667597,-1.4061794554834772,-3.70384186185256,1.7653637732113934,-0.11847418020490891,-2.250709625793629,-1.5553236523549199,0.7107529149191211
2023-11-02,-9.238073698373809,8.420016989116046,1.9828467621311623,-2.268164384534465,-1.0525513967308495,-3.2896901234448817,0.9188398049434807,-0.1252482540273785,-2.22288687207668,-1.547026092873001,0.8405310569788657
2023-11-03,-9.275136682980953,8.59543401391512,2.0384940147303197,-2.20024455012556,-1.1354492840909858,-3.3018135214963578,1.0564885902201828,-0.20052624186786816,-2.281489723824264,-1.6612828458313036,0.9621808730937784
2023-11-06,-9.007385317082887,8.85353219816718,2.0975671737625277,-2.261337094882948,-1.1271040033714839,-2.8744332672680653,0.7753827378023832,-0.3304344108004362,-2.0424251945843217,-1.4327348436656915,0.9676847721662288
2023-11-07,-9.25092230489151,8.83356554986473,2.1145519616362773,-2.3426229098926186,-1.3863977754983876,-3.129911331431111,0.6557635050182866,-0.11476841233122617,-2.0128541379801623,-1.4771024051145587,0.6885876445069835
2023-11-08,-7.324275014297706,9.714951258976674,2.228104920554002,-2.100178524206139,-1.305654453082163,-2.7805578463391023,0.0739273197469556,-0.23745522515474057,-1.9893208868632666,-1.395405186792031,0.7187886580840143
2023-11-09,-6.934624141343598,9.83568690867687,2.440508198826615,-1.9415893463049532,-0.9570943330945026,-2.750011438056268,0.28014710258690423,-0.2954197889014607,-1.7353653089500456,-1.4483026517661082,0.6672350626362706
2023-11-10,-7.324969033477908,9.838744346171456,2.532245322184788,-1.8581918378844018,-0.8370317592451723,-2.584856783643395,0.6008143820275482,-0.16059532389764167,-1.6867928224911188,-1.4172118952485822,0.5221234033707189
2023-11-13,-7.430294408219913,9.979360926586978,2.671553152374557,-1.741874094080617,-0.989758481218189,-2.4064064121590785,0.5339352221831966,0.02297049767286362,-1.595685473265886,-1.6125554182014874,0.4287490506494609
2023-11-14,-6.938001625875188,10.184040913923333,2.684798647959592,-2.0513438114814964,-1.1328723809596861,-2.2066050709309133,0.21945401406951973,0.21336694870152376,-1.5176660934352004,-1.5463839367126746,0.5013419073854822
2023-11-15,-6.547153818548109,10.389482095912296,2.453984155755882,-1.9520025539196677,-0.8628085972653328,-2.2386978161351325,-0.002132816150405059,0.03437642209468972,-1.6184342150896351,-1.3003333084891486,0.5433144600522478
2023-11-16,-6.2568140462901365,10.680403119378527,2.6313073887135077,-1.8895808231014672,-0.8105752239537265,-2.1760737418190264,-0.10552294914373345,0.04665416310435361,-1.5022981861745592,-1.5335050064180666,0.4555695013783563
2023-11-17,-6.8353391495663836,10.306877547781912,2.8318355141316625,-1.7804293273357,-0.7348987176820371,-2.374068395598782,0.33584483820665234,0.07329760656477491,-1.36834386644191,-1.8752924317730815,0.2210896645669198
2023-11-20,-6.837603695025805,10.578548251719045,3.063981058678994,-1.9061932106279582,-0.8058683427959479,-2.1199820195641963,0.61163832786967,-0.052556079851595335,-1.390844199711199,-1.8239237834943618,0.19658100473045148
2023-11-21,-6.469846060745175,11.047798521864706,3.2335422631415334,-1.8617510172231868,-0.7739150340049356,-2.132030370295692,0.2488885863437249,-0.09675406200505532,-1.4937584104292703,-1.8851496017874068,0.3632735353818085
2023-11-22,-5.987518514265757,11.329320072798211,3.2627870203068756,-1.8157136378000869,-0.6312570952580712,-2.1353576518157493,0.1744256046231859,0.06321103118461263,-1.5173501353987269,-1.9965544023644295,0.28255945571174
2023-11-23,-7.1908614298485425,10.428528791188977,3.2430541127076076,-1.8305889052168,-0.7242984261052674,-2.0804227081932956,0.6356321756579106,0.25481806363446613,-1.4996648553962997,-2.054845417699031,-0.009864554991764973
2023-11-24,-7.18858165946533,10.64906440586018,3.3689517475067805,-2.1411750226193265,-0.7679953694907161,-2.0113458208029473,0.6765959361584797,0.0492088138401649,-1.5074164307857374,-2.0570537225498375,0.17941582968217196
2023-11-27,-7.731167942226993,10.429132388482723,3.4058766451755957,-2.2284255671721893,-0.7291092173654331,-1.992321920627868,0.9232846497654946,0.08670526702547261,-1.6027917618768925,-1.9726982264413386,0.16097528506317316
2023-11-28,-7.52896111207996,10.703883349131647,3.4135494153259853,-2.228533872906103,-0.8239968753167484,-2.003106682744557,0.8942075884830119,-0.10774803042294423,-1.689108693945781,-2.0494129519899698,0.2001418528610064
2023-11-29,-6.953516068562965,11.027367200632447,3.5643430190587724,-2.2322905191217703,-0.9672736882604467,-1.7990053726887205,0.6447331311268361,-0.004139121232933071,-1.7388903871907089,-2.111994029137928,0.23051029597963457
2023-11-30,-7.158124522051452,11.315969109985755,3.6474831324811174,-2.3237002691059927,-0.9715679778161602,-1.9275363079780032,0.8431456099828789,0.3487479638641206,-1.601931649077123,-2.277723088632404,0.13917727983105177
2023-12-01,-6.906339847804645,11.476991359275516,3.783756480315633,-2.4673723813082122,-0.7563524136160485,-1.6932092340213583,0.7513693768359437,0.1310669503674806,-1.7643111326182437,-2.0137336617355057,0.15904058226108797
2023-12-04,-5.640541468274851,12.046197781817021,3.625998843006553,-2.209679950135853,-0.3646204489167767,-1.5721570244794447,0.5714395484324625,-0.01687498537594237,-1.5841359259727426,-2.0125697268874148,0.03269527937715344
2023-12-05,-5.73886682071736,12.076294972875377,3.606860705170445,-2.1421434853431385,-0.2644486372563438,-1.4013800954849527,0.7717166577579094,0.12755988518955727,-1.501718599858802,-1.9912236258624505,0.12307364224532813
2023-12-06,-4.975157819260772,12.19144052572647,3.4810804420837442,-2.0983418661321234,-0.1386222562106622,-1.2942193716142145,0.5455260653977833,-0.03385223345210034,-1.3301474450555038,-2.097487236055341,0.23660964442817545
2023-12-07,-5.342863401198467,11.927996250110116,3.4310201370554747,-2.0168571404284936,-0.17334404413655463,-1.3008653443694889,0.8679068748931462,0.11585941730945923,-1.2220275719049214,-2.2526866999859876,0.1974543095218373
2023-12-08,-5.5013215657034245,11.894381030453205,3.3953930319164796,-1.954329908821661,-0.08455760264951978,-1.1799397914754564,0.7511301820160641,0.1424079347377566,-1.1859455704856567,-2.0086975713699453,0.1838390125034598
2023-12-11,-5.4477089586440695,11.840282718499685,3.4254340120104088,-2.2576548727483825,-0.003843426978847625,-1.0930788560416542,0.6696025942482726,0.16226936312712062,-1.062532515460702,-1.9719218095506248,0.3159350854286207
2023-12-12,-5.402984089814195,11.797957597691955,3.4658368392832815,-2.1250892302270317,-0.2969460517638147,-1.027905103911666,0.7475314954419167,0.011111864376428762,-1.2129250890532144,-1.9685607150026627,0.10997261412657222
2023-12-13,-6.127847988702348,11.41912338110202,3.440622508209321,-2.2882349508571878,-0.3423442860172894,-0.8600331433346474,1.0703698396242387,-0.23529896285396212,-1.2716836748400615,-2.3012354552829173,-0.05091218526986674
2023-12-14,-6.26994710363917,11.540040360460472,3.2760893912148115,-2.1890031097408547,-0.15071104017400988,-0.8521349176347405,1.3066266240269706,-0.3679212143856342,-1.2171267088744968,-2.336399187401215,-0.11290416170957251
2023-12-15,-6.400575648417668,11.535049274707342,3.342728799717726,-2.2556135358372233,-0.08956085060749466,-0.5867389281914472,1.4711567620013746,-0.6170761838093735,-1.2063033762180073,-2.5205587698083427,-0.3823752804643352
2023-12-18,-6.90328341347369,11.171303975549247,3.633445685759134,-2.587771647829709,-0.5210130549383809,-0.980099799362151,1.6266953027323572,-0.005006603849523325,-0.98420391345777,-2.511193065015916,-0.21228767709904395
2023-12-19,-6.637511575417593,11.36546741989184,3.6219875757345728,-2.718240576259739,-0.5277137351056704,-0.7250512859311217,1.5969971829807155,0.11726651205915599,-0.8730675904518684,-2.5041867671156712,-0.16209911706587377
2023-12-20,-6.273093945383387,11.613172424201288,3.6369663437616064,-2.737935453758868,-0.4565744626285914,-0.6007001170353017,1.3584737691051632,0.0936489022801379,-1.0723857576636737,-2.307531283877934,-0.1109336135601704
2023-12-21,-6.147340528724529,11.603932448380949,3.862693218076785,-2.7481445473940234,-0.4379236475359191,-0.282377708110109,1.1769337949424576,-0.06991841279477812,-0.994205865011482,-2.30771447495754,-0.23914451468466502
2023-12-22,-6.153727405702412,11.901442756374896,4.089484806256029,-2.8476892178715523,-0.46269391445410935,0.003623654260950959,1.509522726028182,0.31257556945224013,-0.6675497617081585,-2.1387263499037004,-0.29706008971619957
2023-12-25,-5.5846087889755,12.236871049063287,4.172049172751912,-2.9095101807015578,-0.628312419855393,0.3619782963682453,1.0389007519298197,0.30517638316654316,-0.5363350302791019,-2.085939495053529,-0.2728097818369324
2023-12-26,-5.550843392714791,12.302707826257862,4.213012109793182,-2.9725295500668065,-0.7504113499798261,0.5081045820860461,1.03925444615026,0.17017123146729168,-0.2571668103210911,-2.070846450892559,-0.19894193589586984
2023-12-27,-5.443420678695804,12.387496501520218,4.172594854256524,-2.9819536284391104,-0.8254907285831434,0.45478570963211756,1.0928074054807742,0.022053960570999703,-0.24044396889047678,-2.0288625933834252,-0.38443056231178707
2023-12-28,-5.100576479270181,12.440787171674183,4.12859791847925,-3.025457418316518,-0.8402826608186912,0.8213645553038446,1.1255845170746581,0.03930855650082307,-0.16161901497069464,-1.9879777695271685,-0.35373262171940645
2023-12-29,-4.797358669827133,12.575136825058232,4.183930236117331,-2.8723477086771294,-0.8654688267878476,1.239321752154299,0.9914994499996579,0.20984122773660951,-0.1503966730943009,-2.0350775966312216,-0.31581355455870497
2024-01-02,-4.863800849450143,12.517690989409694,4.147406956625748,-2.7515511462934352,-0.8629918484378285,1.007876852449478,0.957281946230759,0.3398533186505029,0.2834388371700304,-1.5522070213871595,-0.35692225020255663
2024-01-03,-4.162536827012203,12.939832999580162,4.107225780462443,-2.528237773447082,-0.867713184189726,0.9274480829889027,0.8457858646180341,0.34710585019791645,0.3759896067854238,-1.2643564103989289,-0.2588374683172623
2024-01-04,-4.229142395801395,13.01525693385831,4.068708773919826,-2.54512899156063,-0.8466102274478243,1.0136868785733295,0.9350586038198783,0.07079595920352327,0.28689588001813476,-1.1440147516536858,-0.09082340682699808
2024-01-05,-4.245702251373908,13.084963935034336,3.981340108163859,-2.4955480749075165,-0.8133164089632041,0.9918226466786766,0.8995891818482915,0.02817949813242282,0.38864130876255737,-0.8045145460937911,-0.10464222234762277
2024-01-08,-4.1103676933884055,13.342007790517346,3.937803861804998,-2.4798122827938194,-0.7624879766969918,0.9856367270120749,1.144643674457504,-0.013270328158032807,0.5274064290614098,-0.5419676764513337,-0.12824915169710305
2024-01-09,-4.0926502734280135,13.314940872583456,3.9460177520320814,-2.635951586045479,-0.8723656323917383,1.3501220378124401,1.2159249582884424,-0.16928375580519456,0.6424381556457426,-0.714371642236974,-0.4597725728355083
2024-01-10,-4.315430686017546,13.333620597690121,3.84082050412328,-2.68401056224896,-0.949254278275314,1.5859360207226345,1.1734279306491353,-0.10445925849043389,0.7850808723565149,-0.5227810678992866,-0.31460917475862726
2024-01-11,-4.171962867517379,13.367256103241424,3.7013843734660603,-2.64115573155935,-0.9201301452413073,1.7708252394896717,1.0474026761748796,-0.007238295844514936,0.9400718537019088,-0.7183018617493054,-0.27422494574430634
2024-01-12,-4.937541196000353,13.153463318798359,3.6623543456694483,-2.950717509596768,-1.0541587995623793,1.647301325783811,1.481149965095673,0.04665511720013984,0.8356783742805998,-0.6069273266149261,-0.21959563152924522
2024-01-15,-5.190295827069063,13.247881192531622,3.7703249676670127,-3.1220123483600832,-0.8631323392515114,1.854414293061296,1.5717177799292115,0.22157090058089568,0.9468446831128805,-0.46278092109702706,-0.16329784766484456
2024-01-16,-4.733086076084431,13.416853463548344,3.9023018556975213,-3.038831926642873,-0.7324540100840218,2.168487682267019,1.390511134930171,0.07367672043303311,1.1411680468516476,-0.35115525999722885,-0.17539614772972612
2024-01-17,-4.704423253747508,13.581821202798041,4.106352639286612,-3.0308486658214444,-0.664630127497107,2.31878114276762,1.230741268983388,0.13590737505603112,1.2103617154860822,-0.2358687248526439,-0.40964514131800056
2024-01-18,-4.329124668071211,14.12336962610007,4.059393593060442,-2.8885898841748916,-0.21908921731090622,2.5621127857980475,1.3104211254102631,-0.017905814915175594,1.5111156937084158,-0.03143043701032629,-0.40494597299202406
2024-01-19,-4.169969835380316,13.96771756570715,4.094214162844064,-3.3951194389343673,-0.5429075235067466,2.801780744979525,1.1616149708117172,-0.014110445370223601,1.6439426043205176,0.317705354343475,-0.38181422750970406
2024-01-22,-4.03985185830244,14.165092765913553,4.184983772971294,-3.5165474378087973,-0.4721830273983398,2.9433921498288402,1.4050231139067013,0.02774298368756016,1.745381446926823,0.36186977927825037,-0.4854464873040131
2024-01-23,-4.130621210379244,14.246020922116656,4.256826175263905,-3.600941635256813,-0.5312189835612708,3.221237817085098,1.4878472674893262,0.096559504632423,1.5994231652473774,0.330967102455041,-0.46678396595128746
2024-01-24,-4.2180841888474365,14.120420693146494,4.233072870485047,-3.470075296774223,-0.616005617897368,2.998841840531916,1.6346656848157575,0.014179960053703061,1.5056314613460975,0.37248499330148976,-0.41902118984992254
2024-01-25,-4.165516095765546,14.10912850300906,4.32264948844141,-3.6938448979188614,-0.6307492983452598,3.0616991259161055,1.7811988351698962,0.013462505348429465,1.5735015561397578,0.36324052028231657,-0.3649153452591889
2024-01-26,-3.914250721910506,14.315642709073261,4.628341589296537,-3.8320547193693746,-0.6216985673253193,3.331121537832553,1.8988301068083693,0.10229775126340135,1.677353736845746,0.49019661160541306,-0.43020491877272105
2024-01-29,-3.7246041908503447,14.30472761602908,4.802309174776554,-4.016231118083694,-0.6048828614587107,3.5483940625990464,1.5689515586832337,0.2200084922774423,1.847188969116678,0.7716094963316884,-0.5616221305030753
2024-01-30,-3.2646787568172564,14.73136843712624,4.934900891440112,-4.012222778859934,-0.6868389971308816,3.9595003305293948,1.4221555687262875,0.23259220993442795,1.8559573043358533,1.0260301936080212,-0.47825059150187677
2024-01-31,-3.885173431537158,14.38676942048979,4.939887508661345,-3.996346853386873,-0.6083387639325789,3.7917108135874447,1.4901602678704613,0.49752771624116443,1.9582796334540067,1.2871492953030803,-0.49821567132679867
2024-02-01,-3.3138005183237933,14.935392566796574,5.218858011916006,-4.035359083577834,-0.3710233008134267,4.268608301675907,1.4100870019643237,0.35634046217291804,2.03262442916084,1.6286473975871933,-0.6332620190058934
2024-02-02,-3.4165466017074513,14.826402031385083,5.277362617416354,-4.196612561909484,-0.4659037932368384,4.4073944608381455,1.3256074559160111,0.4342414533860153,2.241440558663276,1.7660253244909492,-0.784904602929828
2024-02-05,-3.1256681581832853,15.20917683364598,5.096010994716648,-4.456803322836575,-0.7052413865340258,4.581588424575292,1.392648243250709,0.365149710564217,2.201571145285242,2.257844487392804,-0.6532213046662543
2024-02-06,-2.976214029655579,15.336052568869171,5.196698526811224,-4.4031524654404315,-0.7773459720726572,4.684682300389629,1.339631052793081,0.34341791211717415,2.2567640211482765,2.3440766016546166,-0.8617132948488859
2024-02-07,-2.4148956965246104,15.610910804250011,5.114662085883341,-4.418038522309704,-0.776038825807783,4.88360370728771,1.1400499855846782,0.5419760643716747,2.4840450154173404,2.5158466672581783,-0.9685081028997282
2024-02-15,-1.9958284574484098,15.736930577262083,5.097625760761906,-4.290451620846081,-0.9157937758919363,5.012939331935653,1.0814853507906015,0.4397874474157427,2.6874437801975364,2.4773934460012086,-0.9197284056812688
2024-02-16,-1.6389758876806604,15.61906560473172,5.055642148316232,-4.393811171105579,-0.6681420272728055,5.092604461769357,0.5929096595057188,0.38363762331414814,2.8291437420948484,2.6778853707259396,-0.8750202579737969
2024-02-19,-1.2202636930430917,15.518857557490389,4.967439166420969,-4.422244341831148,-0.42930002732779776,5.106545554266369,0.39576851682931147,0.2695854018146939,2.864871516243117,3.0461422473931163,-0.8031423375366179
2024-02-20,-1.1124034003510943,15.645599506961595,4.929486895597597,-4.532419797114378,-0.21528295601222447,5.178178247277785,0.12467224927489523,0.07451206754989785,3.0039244848300055,3.1242920993387733,-0.85938824669156
2024-02-21,-0.9758820768735044,15.847775341966987,5.172138551070467,-4.7404376929191105,-0.09138151452495913,5.5254072829519,-0.06345240578383138,0.20710156714166872,3.1832460075636613,3.00965142372743,-0.6762669340827374
2024-02-22,-0.7694300657797699,15.817150154143867,5.147261895478995,-4.713058100793258,-0.0928131252660358,5.580961469103646,-0.042199459722861266,0.31401513528926994,3.094649990195561,3.05847489653268,-0.7810841148029266
2024-02-23,-1.7661828096674665,15.367053301359428,5.1351625284387765,-4.90528617071754,-0.18274605765524027,5.344141084516004,0.4369236152576005,0.4636016560553798,3.1583106658340183,3.0829830934970968,-0.8573685221332965
2024-02-26,-1.267048516509084,15.841621336889286,5.428865203811696,-4.944969111388958,-0.32883292238807654,5.56965670483805,0.21790077050572954,0.5214093847704838,3.0297114275930044,3.2552846911502042,-0.8006892759504979
2024-02-27,-0.5995975087987079,16.313050582664964,5.436247815014865,-4.920591759584149,-0.2578261049344624,5.833757218424715,-0.08563035618282949,0.5020727108027864,3.054292714763166,3.436300561407962,-0.7909309724816669
2024-02-28,-0.2906035229307352,16.493135385842905,5.410014907181497,-4.939990980158084,-0.42492870444771497,5.925102176055738,-0.20584476889330433,0.40175133314344963,2.861755778470455,3.610450005734949,-0.7052376388903231
2024-02-29,-0.37144123125098905,16.697340863338116,5.8263105969598925,-4.990032990651002,-0.3064471379643206,5.97564150163676,-0.09514260567850907,0.6422187026951058,2.989223190661614,3.4032098489483107,-0.6540452144023254
