Ngày,PC1,PC2,PC3,PC4,PC5,PC6,PC7,PC8,PC9,PC10,PC11
2022-01-04,27.28191632207418,1.768835910279846,-6.596815525400563,-3.6777252573744947,1.2630122467245009,-1.0492180046451265,1.8233408517805307,-2.1984132572916644,-1.0802477733842037,-0.5430444943287401,0.1736299983351206
2022-01-05,27.47363975604992,1.8682865358978928,-6.56642918777032,-3.7783970854941233,1.4687119043479833,-1.1713444691990014,1.8748136355844225,-1.8668076967990685,-1.0210287178486257,-0.34761456154831216,0.22575328141793394
2022-01-06,27.590390176723552,1.610042111055994,-6.875270660365953,-3.9609975030020634,1.7383361837241418,-1.2218239723670854,1.9245126667030905,-2.309889013724422,-1.0377988516012067,-0.34094330311008275,-0.05021265095156746
2022-01-07,27.684072473076565,1.4809196072465185,-6.868172102764558,-4.2061866087143756,2.0617470861535123,-1.2461792163933496,1.9886911323792738,-2.0314179459835557,-1.1175654769943273,-0.15419499752088986,0.13851792665009333
2022-01-10,27.12242001757153,1.0145187349409486,-7.112183898432291,-4.215807761853797,1.7989320382488125,-1.4306446810201887,2.710801652363259,-2.274111923693955,-0.9187357041230622,-0.5268898562802674,0.1258212566850574
2022-01-11,26.789178169407254,0.668529187970313,-7.14168685081389,-4.489322396060678,1.9263031676452504,-1.4585349391266071,2.930859093153302,-2.188853345127973,-0.6722176723357116,-0.5736274918861299,0.47450962739158387
2022-01-12,26.975133638130764,0.7989570798145367,-7.408245106576582,-4.782407072219072,1.7490694836640013,-1.2129723474331047,2.585860558761605,-2.6915490091904157,-0.5834035307270742,-0.18074452059763757,0.6826650011475425
2022-01-13,26.355398727242203,0.6673556365698529,-7.030508699797444,-4.652874547763394,1.525170965514765,-1.3515832986539658,3.283291991574663,-2.4647402210768306,0.009991818276826658,0.15347654368572458,0.7962158174413028
2022-01-14,26.333715885521755,0.7218229430248403,-7.215139651140618,-4.706508093285543,1.3862452638747973,-1.1239627444504088,3.293969788849695,-3.070514808351999,-0.21583566693445272,-0.017649839021590036,0.8319392438589974
2022-01-17,24.74365011659354,-0.26291542280230923,-6.941014885181801,-4.719706270116301,1.0725667171149285,-1.7905874996887565,4.494080963735346,-3.513904334361917,0.15015979000800378,-0.2782928463861122,1.2544432045652008
2022-01-18,23.799802214452697,-0.7608228600518938,-6.7658443401638575,-4.405928993547038,0.7645709325011592,-2.1260017977057246,4.810353998438902,-3.625967502638072,0.49889614666173293,0.19704367722417448,1.614743315406777
2022-01-19,24.067972841267554,-0.6652820702075264,-6.558657788986697,-4.328525213629271,0.8099456122632777,-1.9400846913282335,4.726843939044947,-3.4277452824175105,0.308868428350069,0.4885339608677439,1.7049905238033574
2022-01-20,25.08334181371939,-0.09908459962989691,-6.800948961103344,-4.4126342439633754,1.1012994391252293,-1.556855893106228,4.002678820118152,-3.493742462400921,-0.06427056264940584,0.553778952433872,1.388307566209763
2022-01-21,25.12766117121521,0.012370070449942067,-7.071528005549636,-4.248516786828587,1.085814754401321,-1.3215608639534164,3.7533191975354905,-3.450174807719004,0.20257847752023472,0.5910185752538338,1.2605341200214164
2022-01-24,23.322265026267935,-0.7745863015005692,-6.937682198244243,-4.019812748590242,0.7682614901631085,-1.7161958201813075,4.76697466153596,-3.869930348739012,0.6548624312684354,0.7797192453835367,1.7617323271366339
2022-01-25,23.856919271904133,-0.6730090057142538,-6.999357725986157,-4.0828669608965855,0.8695250598767353,-1.2388319850493954,4.283355732609485,-3.97422998235803,0.7575628556526497,0.9891058067872945,1.6544666447802665
2022-01-26,23.824767696669486,-0.6901650169024154,-7.027405445758637,-4.192457638173249,0.6408677677295096,-0.8322828720471106,4.023029529636754,-3.675313173478357,1.0254772250123985,1.344459960326014,1.9852992924731105
2022-01-27,23.544356518211913,-0.9245707682240433,-6.863953307652382,-4.19262876367347,0.5774993089320971,-0.7721389364374706,3.7982572225079876,-3.746753963364215,1.233473829988045,1.6607397209393593,2.0286793400713843
2022-01-28,24.018626154876532,-0.5143107321738482,-6.804759971504221,-3.9746224680452102,0.732541041340077,-0.5543602374252254,3.5987890076272695,-3.4273670637785445,1.5128072908909522,1.37868675408376,1.8076099733931899
2022-02-07,25.22320198852546,-0.0191975480284841,-6.595544137475279,-3.74132629593176,1.0196874710575132,-0.2379116143082084,2.8074729693694245,-3.086440297321504,0.7337754376288437,1.7855523414031458,1.626179295317256
2022-02-08,25.63349403079937,0.27292432214810325,-6.570558433205507,-3.5948757934500124,0.7747719062759647,0.15642999519446366,2.6029954032354663,-2.7724549024669,0.5270973040848534,1.6154473763454358,1.4353205138466394
2022-02-09,26.10141205320327,0.5599019576883906,-6.740462455793256,-3.6015917895271277,0.7584938462140646,0.4880247447331043,2.3656200875947637,-2.509573771649839,0.33669814678937415,1.245041932009587,1.2515806599853199
2022-02-10,26.294658442799623,0.5836124801931049,-6.6679045619330575,-3.711906071710077,0.6886433728599244,0.4244159900266322,2.1216626120122735,-2.4365673601981768,0.2511518538453173,1.3403864749776102,1.172983925263836
2022-02-11,26.340933692342333,0.7200160167193329,-6.461068221555623,-3.8633855566401882,0.6088718455289139,0.3184761043487505,2.0352557305080605,-2.4485125036902273,0.23691640455966137,1.092427636977777,0.9543686953271383
2022-02-14,25.95197876823687,0.27952233847343533,-6.064842308197481,-3.35256238820048,0.2716884142640623,-0.11353436721354238,2.090713901405352,-1.764461542532597,-0.21325766890051345,0.8936817756141577,1.0891963583251432
2022-02-15,26.24893621725985,0.17461811821946477,-6.285535378239823,-3.3435628743543933,0.6461834018213481,0.21398932463116183,1.7648477788096424,-1.8887351366036544,-0.13743854731488547,1.3190410021699057,0.9918209762693184
2022-02-16,26.673822988265446,0.3518201590102198,-6.239632604055405,-3.273600648636826,0.9067175169710261,0.33653085680385614,1.4055210636795543,-1.3894054191503176,-0.20295592899299908,0.9684428415272324,0.8319055089598957
2022-02-17,26.957269529261424,0.4144120017438591,-6.287774390801667,-3.523470052995845,1.0408139584740652,0.7082632618624998,0.9081294105488131,-1.3672714085403181,-0.2236837421443963,1.2299794792409329,0.8623538186043382
2022-02-18,27.21604491028919,0.7397025150722429,-6.143584533731165,-3.2166999332472765,1.0131694960317388,0.4272646506299932,0.936730934785366,-1.0000031854931268,-0.4374467711835595,1.0760114805449308,0.5482909925081658
2022-02-21,27.52261565653816,1.030558509340461,-6.426422953231917,-3.0095599940790296,1.098931418990658,0.48385421914695337,0.5676681570280876,-1.0173869490309806,-0.6313961313664692,1.2546746514194669,0.05834693205290464
2022-02-22,27.375573528721702,0.918911507579601,-6.342692624513845,-3.209716031432337,0.8732902381518906,0.6236172597451264,0.28629775379547817,-1.15242129199975,-0.6124187180650699,1.2007185457378828,-0.10169207933515922
2022-02-23,27.812790809378306,1.272709106636154,-6.2087430306317515,-2.9579885507751635,0.938680767753405,0.6155135621376293,-0.17386562965162922,-0.7448269310667422,-0.9963939143682496,1.3817587099811925,-0.18726930343581194
2022-02-24,27.103364614645734,1.1040928499044718,-5.741787943131417,-2.8996141601421868,0.7169961417664158,0.049797852371776086,-0.0014823378052112313,-0.7947457025105447,-1.094694839681507,1.313213688906788,0.14130976158307118
2022-02-25,27.571013701736298,1.2773391869621538,-5.89298381029952,-3.0272871998766653,0.8575628644214011,0.2208904125221039,-0.019718260283415612,-0.27597942581684887,-0.8501496488254415,1.2262862243779318,-0.18206716121461408
2022-02-28,27.684312051786954,1.1070467318502177,-5.7029762671783715,-3.1076187068563956,0.9285530260891306,0.050278002845105085,-0.42488930551315274,0.15229168424989914,-0.8928133766393935,1.0072697874833922,-0.3516442265124009
2022-03-01,27.873313839335587,1.2383273419397547,-5.790489020738455,-2.986289590370688,1.0285865957444509,0.13194681664445174,-0.4810421067649141,-0.07837054404589827,-1.1112153234002167,1.0899333838781011,-0.4847596895178745
2022-03-02,27.619285513037774,1.047903106953612,-5.53425595012364,-2.8767913656937747,1.0011154233623196,-0.3982524123988975,-0.4807128636742326,0.4730074779599961,-1.2383423448455768,0.9267196114559173,-0.4011611913275759
2022-03-03,28.489068080614597,1.8245533389893542,-5.562143792891128,-2.934402734690037,0.952723897627904,0.04947582640198722,-1.2297121630228791,1.0204345131781962,-1.802730628161876,0.8022203253148632,-0.6693394434054216
2022-03-04,28.69124978758122,1.8159525137711579,-5.5198916323298315,-2.8999770360066313,0.8686300752696781,0.2872767373377528,-1.2692898039916631,1.04320571426075,-1.8178279651907072,0.8188167900957016,-0.911314506713683
2022-03-07,29.091737033867133,1.957441435181826,-5.318724495229192,-2.954794652234514,0.7412955953180724,0.3897257164268627,-2.2568685635786374,1.8829384679118568,-2.527347693567204,0.885849877114273,-1.0846141427554854
2022-03-08,28.41713901683824,1.336624766430596,-5.378781539736552,-2.9094091631988137,0.5977238004423552,0.20889531667018163,-1.5487261104903842,1.906157678962621,-2.2502037924844576,0.6149900501259223,-0.8070667592774045
2022-03-09,28.578335924767327,1.8028594779878817,-4.9679437940924105,-2.9828206193928866,0.40425554965232524,0.3148687815772726,-2.0093923549127197,2.385436426134029,-2.783773308716689,0.5337714993353457,-0.8703411961032644
2022-03-10,28.83802819767164,1.9264327113509254,-5.191413308921266,-2.8023490680931675,0.3978867822106161,0.6377816134964076,-1.9490853761906526,2.5691324365834336,-2.651811916055011,0.36755799434327724,-1.2503468744524227
2022-03-11,28.610754641126046,1.789098830271958,-5.276340066025632,-3.0026035965376545,0.43889003983704217,0.6642922052571185,-1.5922976382829708,2.8126898682054873,-2.2824479183766355,-0.3181080460934694,-1.2671480864782332
2022-03-14,27.949104705115676,1.129585551243657,-5.317686157149894,-2.893094627574823,0.46670167524891115,0.5558708917450483,-0.3419764585122527,2.4933594927627443,-1.4412539203683674,-0.15902035925027588,-1.3825362839368882
2022-03-15,28.120400488962115,1.0116505525556965,-5.403646516731571,-2.9514037392342645,0.5199950293235107,0.5357341179561802,-0.8226541510893499,2.2872981369730176,-1.5672637707015107,-0.1128372792322666,-1.4534685094094255
2022-03-16,28.35151855288879,1.242177914598357,-5.405359799846758,-2.9848150380787533,0.437100698883658,0.6864457035220897,-1.1033183477957,2.638950204658545,-1.5192824405334817,-0.18488347166184832,-1.4740371810753927
2022-03-17,28.372879338744305,1.5229679212821332,-5.34184634475623,-2.944289902719959,0.3651170246340873,0.9891647742862755,-0.8346381699701682,2.320517048203095,-1.2298178259689443,-0.2461828650160527,-1.3981176238196853
2022-03-18,28.45480996424319,1.62131343043391,-5.360455129819506,-2.9221515533405418,0.23005095846013401,0.9732561471068698,-1.0779684875197075,2.3561437092002984,-1.2251241623589162,-0.05461547658232965,-1.1953590163330792
2022-03-21,28.72387457420837,1.4063253868289955,-5.324443325622976,-2.7519450684955635,0.4132242510676859,0.8327154369931863,-1.9587720238761155,2.234644543823623,-1.4848268871689048,-0.3007560047344765,-1.3089398239674301
2022-03-22,28.69968571079354,1.4501700336653447,-5.146860254435804,-2.740362864391491,0.26165539338309457,0.8113565251143471,-2.2557815739982923,2.518442779827207,-1.5060867121408754,-0.3524726479451805,-1.3729393733191024
2022-03-23,28.830568875920626,1.573924592173431,-4.727425677260067,-2.3206073765896327,-0.0748477846077426,1.0035236924513717,-2.0351254822641556,3.17881392068754,-1.480242304529066,-0.7559390657916334,-1.7449196842183703
2022-03-24,29.058884650528356,1.7965153001586947,-4.52332393629487,-1.9978580722419341,-0.16060254910517932,1.0716699754523304,-2.380931263080756,3.4972867619335486,-1.6652878619656732,-0.791056475008127,-2.089020909693902
2022-03-25,29.203973360709632,1.8384285133563822,-4.219912711776847,-1.840776830266543,-0.27027612813825086,0.9463297426146944,-2.516332122580469,3.5876661622811032,-1.8029172515924359,-0.9833364239414589,-2.434413825781815
2022-03-28,29.00184174501966,1.5645589881248356,-3.5849774744932192,-1.527412103957126,-0.7792721174543831,0.5237597617095064,-2.6998603594407777,3.783536018290583,-2.0834930037097745,-1.4776461309494469,-2.421870124927821
2022-03-29,29.489584350882943,2.1460061947888702,-3.5683601679234056,-1.606025522640766,-0.734745991554037,0.9093399264821096,-3.3811216140758944,3.904750933773687,-2.1174231852596046,-1.540769195756794,-2.5872448981288563
2022-03-30,28.99053331817585,1.9630563659100233,-3.3223031576345052,-1.114918148305077,-0.9093300865192266,1.1828351824791383,-2.880828407217369,3.5158155125607897,-1.5964788317150727,-1.7792223121262578,-2.275590341950333
2022-03-31,28.905063364663413,1.868176351163465,-3.3322471718137185,-1.1185570085359553,-0.777248444150179,1.6686546136944587,-3.0769625505736307,2.997572020060962,-1.5146930814826567,-1.6040376322596601,-2.308469454679343
2022-04-01,29.245091256519046,2.1597376131116373,-3.1804645244715335,-1.1419083054858132,-0.9103096557944679,1.6517727440594867,-3.487304213743266,3.1416986939647042,-1.043824258772515,-0.9912565713912426,-2.378339377716206
2022-04-04,29.382072486082237,2.4724878320152186,-3.04352798809209,-1.1462352067999986,-0.7162281478054561,1.7405206560246993,-3.678857540045118,3.179849228539355,-0.7904171103065868,-1.0202560977403003,-2.202021346779064
2022-04-05,29.245313816123293,2.110451512289194,-2.704667530319406,-0.9115860615797191,-0.773007003540758,1.552935178506654,-4.039405738455352,3.3501357953924558,-1.2049041255728374,-1.2647099129630908,-2.0331663358033794
2022-04-06,29.022479675939596,1.87810415288556,-2.6586032361114635,-0.6595743704792141,-1.0380633675611228,1.7789931469217866,-4.013453799068626,3.333971582170353,-0.7552498080279499,-1.0718760747185572,-1.82564583340592
2022-04-07,28.45909144280357,1.3858017865113523,-2.452298623053533,-0.5719207489191414,-1.3651343928662096,1.6228612469999293,-3.478687151947206,3.3037559169140622,-0.7219371712810327,-1.2422796344373246,-1.7142294006363281
2022-04-08,27.37155935796245,0.6228219704483251,-2.5125190302436393,-0.2073295299484541,-1.7349291223691345,0.9511856316015738,-2.761757203754394,2.9883158985028873,-0.32655215222541845,-1.2374486716003066,-1.4536224636157218
2022-04-12,26.114119335896532,-0.7072492756762367,-2.3035276949283965,-0.3577573700079366,-2.3536587737553987,0.21336811102837117,-1.9082423001076583,2.513123314266229,0.13328928004184817,-1.5579760295033405,-1.080279849178015
2022-04-13,27.051713598482316,-0.11569220667360824,-2.051662942637222,-0.2829169797792659,-2.5308982357682073,0.656021586763518,-2.8725564665511025,2.556340795213413,-0.2696692422699806,-1.2994937039699943,-1.5737104273434595
2022-04-14,26.992754670934435,0.05376820886960021,-1.5315346250963282,-0.40656900501363835,-2.730559316285529,0.8884172919804045,-3.2247467354212076,3.2493344938465847,0.22096914989851482,-1.4789390608840152,-1.5230653737263156
2022-04-15,26.365949182354854,-0.5127789609059253,-0.7576428747985877,0.5535544454085346,-3.080845556081764,1.0665968232126244,-3.3094447831352327,3.6968458965486324,1.0956152080598813,-1.240940947484015,-1.2349353998841486
2022-04-18,25.28939925850101,-1.4060328931426684,0.2844947913546531,1.0504482210683432,-3.5546499597719015,1.3258748996574954,-3.864020159666775,4.004057323777881,1.7983866330396285,-1.281104512867708,-1.2077552744421503
2022-04-19,23.700865881582313,-2.1958309168397196,1.080829173896351,1.350236053009142,-4.0282192534175145,0.9513589885072689,-3.3989716844607383,4.22149488387659,2.4523017968138126,-1.3797492569479686,-0.6925530975548533
2022-04-20,21.957824832543004,-2.980281546894999,1.4715284446845849,1.6138881722983718,-4.005556938979613,0.6743151145803068,-2.7475991232640045,3.7142900821548177,3.0989433758869245,-1.5915092636503307,-0.1634994665329388
2022-04-21,20.482557781030216,-3.614323564841804,1.9243093641976958,1.5489301956968815,-4.2741729380130655,0.10792957564699135,-2.2356817557683377,3.4181559596318314,3.8312975667765805,-1.6856556305352,0.27258649714145733
2022-04-22,20.10844835697113,-4.028148575860369,1.207509115277318,1.4038544221604525,-4.0075261381419285,-0.7023065432229222,-1.5570846282979038,2.5229909662279795,3.974137602556957,-1.5703700253515491,1.0303831506837804
2022-04-25,16.377912081802123,-5.721525816141689,1.5901673712110789,0.8413839329647195,-4.291156758784603,-2.412089967865697,0.3369930943371229,1.8405561115271032,3.8866213743389726,-2.5199646993426676,1.6363016100487544
2022-04-26,17.82091600237633,-5.304657481002323,1.2037919987443169,0.5831397550574677,-3.946971136020312,-1.8796967465079757,-0.5785935878073605,1.9481746506575055,3.9971185218118253,-2.0554201178781035,1.7875773709463374
2022-04-27,18.72201203207264,-4.882213078455246,1.154074336338084,0.7147894671261281,-3.954110970466693,-1.8766125058560785,-0.6200365826307148,2.16687046259489,3.9879446709867747,-1.964078067655548,1.5554034330727367
2022-04-28,18.96008539689145,-4.97198795908202,1.3727451598618687,1.1678996043619423,-3.9295113981643626,-1.755373947591643,-0.27342296004432365,2.2717974306892477,3.7812886780324932,-1.8129596941820987,1.084021342192383
2022-04-29,20.166670534290205,-4.831408051815737,1.2801679223654359,1.6439753523662497,-4.098220666161095,-1.3802536827474556,-0.8741337263331665,2.539526069524615,3.771653764824091,-1.8431938461014654,0.4794677861245671
2022-05-04,19.637883150491177,-5.240181382591159,1.5817193202782933,2.117928139912731,-4.492153907276507,-1.2550306442174783,-0.7560968607090621,2.6589221112393853,3.5464151342239445,-1.7321118642291373,0.761671430281504
2022-05-05,19.56252518859872,-5.520717142011058,1.7351236710564857,1.891302408368579,-4.638505038805519,-1.086450565131968,-0.8016977323131065,2.709969810104439,3.705892212641305,-1.53425123188444,1.2819391829477862
2022-05-06,17.600327582182402,-6.521367599049235,2.595946938178382,2.0857794676004286,-4.8846153417295675,-1.9315923414897325,0.23494671926462907,2.470040283038654,3.7829331598443225,-1.1536260000370406,1.4967570013359466
2022-05-09,13.769915529168419,-8.25984686244696,3.1134696682900387,1.3857630476102565,-5.1830035113644595,-3.4374856115862595,1.824458026213189,2.0642906964886993,4.008850498691336,-1.558805636818653,1.5987141430396294
2022-05-10,14.186241164756632,-7.824802844265958,3.161028995854968,1.5860090212832987,-5.218049941017414,-2.813196132273907,1.3049341007148578,1.9616532122706887,4.1215938244139565,-1.3416986594683356,1.4229419498290565
2022-05-11,14.710023476430859,-7.592204997875084,3.3315724016583053,1.7912834966808318,-4.9718041852308446,-2.6128809182414594,1.0642719761504773,2.0590644309289776,4.083728785545702,-0.9494071597124658,1.4010430001968128
2022-05-12,11.43898729283094,-9.152622648353631,3.69354000448806,1.2591413788536243,-5.054181869544176,-3.5431837132872914,3.294717607248989,1.798840148604037,3.8751765110842262,-1.320758396129143,1.5509473550467554
2022-05-13,7.613281859814256,-10.4639673848324,3.845693095352688,0.9405743082704433,-5.2600325018049805,-4.493091758895743,4.942829548785438,1.2727232378070599,3.6417203659006327,-1.4620418475944281,1.6578416177505435
2022-05-16,7.181865847764492,-10.154683872157435,3.1052274126653723,0.19459583653526735,-5.5544252024379395,-4.501111320401288,5.549236609040157,1.1316000494589478,3.3257213974900504,-1.5302852603883543,1.4752072557977127
2022-05-17,10.663585361143934,-8.95138090110626,2.818443831301689,0.5908378227749773,-5.35420021364215,-3.6981112285718254,3.6891237075555496,0.9484208448920742,3.2116707001807225,-1.3566777558254666,1.3426153174863653
2022-05-18,11.328174831298902,-8.574790817278968,3.193601726344818,0.8507446562501981,-5.113334485331702,-3.6327989938243013,3.174351693587308,1.1649422393782491,3.379916462433523,-1.3534823278431696,1.6551385457584515
2022-05-19,11.106412035963906,-8.704919591415278,3.4582958407789413,0.9144330749897233,-5.203361649627292,-3.638893751290465,3.155002579881804,0.8201464053000319,2.819159633192735,-1.0929128678421656,1.6481238848811182
2022-05-20,11.358519306066603,-8.404049565010595,3.4904324239941342,1.2069617938351742,-5.0167602657109995,-3.529276264010691,2.9504147603542394,0.7513000570998849,2.8499929723278745,-1.3723004864712438,1.5669000478895074
2022-05-23,10.571762021194228,-8.779575061639779,3.8424878805962863,1.0375488082618802,-5.00806592504941,-3.8363564904383325,3.154841144184675,0.9050448772761269,2.659801103766966,-1.4020771901186089,1.2400965050612316
2022-05-24,10.760536694758958,-8.604379236707144,3.9401770757782506,0.9940371894078774,-4.8526017479927415,-3.6175226946179304,2.592140272649239,0.32167438546265864,2.505692132175915,-1.044544446501578,1.1650054720214276
2022-05-25,12.967469173610999,-7.718323560799504,4.130472435183526,1.4018405103347567,-4.681724353670276,-2.7869829025160664,1.4351125036962822,0.5636815274233243,2.393613417956968,-0.5794913790857434,0.9513886845503788
2022-05-26,13.56818070365532,-7.605977921866301,4.152686103185434,1.510946064960037,-4.64255757496918,-2.7869326361966245,1.5060690999720194,0.6918578402709953,2.456531439666983,-0.577691101680023,0.7928398958278451
2022-05-27,14.221303974352262,-7.321725254210454,4.314915094255081,1.8076885445002748,-4.751326115938651,-2.5662071109421847,0.8914110606240595,0.7294291107905584,2.3983121786323744,-0.25069343929377486,0.8383004138345153
2022-05-30,14.720079452775948,-6.9157013780080145,4.542441365071781,2.4024987000102502,-4.426668602168214,-2.102860209095046,0.5621888742042078,0.5668604516873844,1.8997027015537127,-0.06183818563948437,0.6376738993917079
2022-05-31,14.556764678127301,-7.057201475666045,4.848087529017841,2.590056420918086,-4.228121613073336,-2.04790231233381,0.2701448277048729,0.04286762355283799,1.400675990847276,0.12694078679105347,0.45866773422252227
2022-06-01,14.512504901198888,-7.053523951385925,5.413604781473136,2.7584970970493137,-4.203026785063077,-2.032346895497597,-0.006192657226120113,0.16584329980285983,0.8437052679221497,0.8227037820502994,0.5534235155482132
2022-06-02,14.194301962281212,-7.445731839937698,5.603095506462656,2.737922007223167,-4.599531017516916,-1.700214727912617,-0.26573967654255426,0.473591505826402,0.8032318467640158,1.0306994624465666,0.3602106976795898
2022-06-03,13.959696827348413,-7.717160673241258,5.847139865245058,2.812014065436571,-4.7699681711237,-1.734462625056055,-0.8365565334209747,0.8102325766191636,0.6174610815696486,1.5103571146971584,0.2914260381129947
2022-06-06,13.407860862822428,-7.706626725215491,6.278546381890408,2.8918488806588236,-4.847350280230094,-1.6153481575881794,-0.7189220809685187,0.5687395908426528,-0.018508435255687905,2.280073107652165,-0.03188634612061292
2022-06-07,13.4478327431368,-7.530905943454625,6.836255606815634,2.921242236047038,-5.177446954738278,-1.21042040016368,-1.2961562968828801,0.7390729160280082,-0.4566819156041091,2.802106407778501,-0.42906538780256165
2022-06-08,15.04566080421396,-6.7970143433332435,6.735833004137842,3.0338841001232617,-4.761196892602312,-0.7733592609794242,-1.756400223396387,0.6283207432187977,-0.2025106537147865,2.51643783472421,-0.5056960993528676
2022-06-09,15.207426133812866,-6.610764091966232,6.651207098720441,3.2657313812165714,-4.604814451001155,-0.6120582862194708,-1.5885306454813684,0.49017626808314274,-0.2845699456335712,2.537947518442178,-0.3171463843713489
2022-06-10,13.928255922051076,-7.454617943900503,6.422749026617994,2.7547259138581532,-4.3663435911655295,-1.36540510700484,-0.23698923255115284,0.3831467577861746,0.2134415406412482,1.9256410609313503,-0.3093697621542104
2022-06-13,10.165579959519075,-8.651123642493381,6.616267078783849,2.4382890139769477,-4.423688981661663,-2.1814648719896783,1.1310056681242942,0.3485120879555116,-0.35169339916573017,1.7680566120649162,-0.24657601715335165
2022-06-14,9.359325584341867,-8.758521158322143,7.151167743059887,2.3333435581042217,-4.300733720149777,-1.759829021979158,0.010544176273446393,0.28775065658456767,-1.1860206234834543,2.5125695820927016,-0.7473234369614655
2022-06-15,7.190825519168596,-9.315331792653954,7.554717435467846,1.9072786088589575,-4.106706621849963,-1.7191657894086707,-0.29866177533798005,0.515457454243072,-1.9141798648789445,2.7417970113075203,-1.4017244623076375
2022-06-16,7.699611069318619,-9.109120841738754,8.036745219635673,2.3334740189249024,-4.213196006955201,-0.860739705265951,-1.0706584482629986,0.835056505259697,-2.4317443287585863,3.9660022856270647,-1.413037208240321
2022-06-17,5.555172839985634,-9.598317946666906,8.659129188276111,2.2395693410179622,-4.313383192215548,-0.8424841644838139,-1.1552167612871003,1.1698253753480423,-3.2809202965668463,4.657438024781644,-1.700983731552888
2022-06-20,2.715324642277695,-10.200973104274732,8.4370043589397,1.389193904139393,-4.008957816161735,-1.546188485461777,-0.7539308153241696,1.166699709482991,-3.8285075154295956,4.772279828514626,-1.7645321076381784
2022-06-21,1.133647805472374,-10.409291291721932,7.5822199567227395,0.39125140840399264,-3.8644377133252834,-1.5639855604128996,-0.32835774696143394,0.5245984353965804,-3.560740843473922,4.436901004404682,-1.5365547801207806
2022-06-22,1.96388943525203,-10.211999649569538,6.641960888780425,0.1817676880463256,-3.5737557272545315,-1.7973371759481973,1.0012169662759516,-0.09645256973284394,-2.8310289648445135,3.1272927603703327,-1.3748257332183162
2022-06-23,3.629005549826247,-9.829706355664314,7.246873228649157,0.9434558124921923,-3.7406751311122055,-1.1588512804719822,-0.15862404521937928,-0.28443814230244446,-2.8587124873630434,3.526065616375816,-1.5383983075826406
2022-06-24,3.860654336774566,-9.819679785944334,7.465046041329085,1.0171257737982107,-3.712584334722322,-1.1408251758550287,-0.12840742279137035,-0.31541849064240196,-2.639133115736918,3.050002997398629,-1.5637802265431378
2022-06-27,5.090649186760313,-9.252030633263965,7.653628449744126,1.6323402936793832,-3.6000760848867497,-0.3185309875454171,-0.14254773953988242,-0.9875465542717986,-2.4745934375224365,3.0884222957555862,-1.525472060559471
2022-06-28,6.1259368140413795,-8.966307186233808,7.615525346154019,1.9981561725558863,-3.4710816010820045,-0.2088671762875589,-0.10528600864989612,-1.3301746608068261,-2.4942112425394583,3.201786319807425,-1.4619045618788462
2022-06-29,5.896503669792338,-8.934353169398278,7.531097987982445,1.7675967879219512,-3.2856822087830135,-0.02736816285816579,-0.29911521940884095,-1.280345818334594,-2.5319008784894357,3.1378116334977006,-1.7502709077442495
2022-06-30,4.596401641872575,-9.337679094474726,7.597903686776299,1.8828305976310906,-3.0239567114704284,-0.27374984181205897,-0.03379773354523219,-0.9463131998109643,-2.739586276654877,3.4250824409384917,-1.8365705005452033
2022-07-01,4.519526210960296,-9.24672426764197,7.411068484100245,1.7795297657680953,-3.1432702462678765,-0.15347934941734098,0.4355468576191765,-1.4893309375037918,-2.6989435023995423,3.4253696066581467,-1.8906007944651395
2022-07-04,4.6763550667412535,-9.263451789685812,6.991411852624198,1.5262548141024872,-2.8726169458553703,-0.15672313603600174,0.7434983300870104,-1.5956476593259792,-2.509620781834125,2.906933118247316,-1.5940884545699507
2022-07-05,3.379883505327043,-9.074570312417539,6.056933663624935,0.8626365324455497,-2.7207188170819583,-0.43303998343256367,1.6966328478980868,-1.4176997156457403,-2.0888734144340053,2.288750616573692,-1.3469833326519625
2022-07-06,1.7525331478666304,-9.453335294055451,5.430349366169592,0.1948540026769341,-2.6657708459152447,-0.5904047995613709,2.7908708755810316,-1.658496953445312,-2.0008517245027497,1.353803753597337,-1.3213628911692699
2022-07-07,1.9619721353734103,-9.381657839353913,5.554859996167446,0.21601741890725473,-2.4753750922858817,-0.46446636700880506,2.4059592124591282,-2.195607958044901,-1.7127580040375616,1.3617756904472385,-1.2983460663684008
2022-07-08,3.1802709474714055,-9.162140036180185,5.81314279748128,0.6589429259433475,-2.276160397859467,-0.4678693140416058,2.276484244142906,-2.0271673953722655,-1.8012718398185323,1.1246737029024114,-1.177117967871511
2022-07-11,2.849247415535627,-9.246843988114339,5.656650625444976,0.3392282454787953,-1.970252036566249,-0.4127971716281697,2.642320619316086,-2.1641783194352957,-1.6856542705857196,0.17703757990073776,-1.4885938744140457
2022-07-12,4.635228562203782,-8.826621190477557,5.890908694598595,0.9943240383232721,-1.6495890997507958,0.2730254983400063,1.790633868563484,-2.605750704060748,-1.9955829571604353,0.14785176883194776,-1.1761399663333711
2022-07-13,4.971496981540767,-8.69372300915599,5.737946143470868,1.1697165701322136,-1.7798577894239296,0.3739870079733456,2.017012524542115,-2.5121882762172487,-1.7242312965288928,-0.14947985282221973,-1.2484835581236307
2022-07-14,5.293249600180825,-8.540363951145606,5.632107105913933,1.440668954699887,-1.4603727485742084,0.2887914775758169,1.732762940179743,-2.4910428699531177,-1.8117937524083956,0.14474113545606104,-1.2228443551533794
2022-07-15,5.427775135601337,-8.482977502551483,5.520510253445624,1.4805571319813777,-1.510714827620119,0.2083280879325763,2.077096679533626,-2.525993650185929,-1.7849577158511372,-0.11638464319260221,-1.0694535569153822
2022-07-18,5.591115724636303,-8.16743217410328,5.615148107287206,1.628982784586481,-1.1742068912763446,0.5318824499370578,2.0172079072709157,-2.693921084412962,-1.7274833813322785,-0.05486630896872846,-1.1295770699226035
2022-07-19,5.720302224722884,-8.10978103975922,5.811487736229074,2.102491324264596,-0.71542166378385,0.7849681315270609,1.8800833846702933,-2.463225815588504,-2.0846322006772793,0.2034900883194523,-0.9545921554342592
2022-07-20,6.981299039292985,-7.63353231041708,6.0196208290747855,2.4354470154486028,-0.5416003503697419,1.176922868136966,1.1766080849833238,-2.349312535519382,-1.8135928172355915,0.06728774924463532,-1.0622208967186375
2022-07-21,6.890758372814279,-7.777392332405093,6.071578704482851,2.2448181406182774,-0.5459779683844008,1.5087428603535142,0.8019184167372393,-3.060976434717948,-2.0072852706272326,-0.42415201538084163,-1.2770035447227148
2022-07-22,6.685375273381775,-7.975891221441001,5.921088282588826,2.479261438691011,-0.3712945639154911,1.6846639096742968,1.024700663092009,-3.9516656304401767,-2.489146910140424,-0.59585631315137,-1.3545254767760517
2022-07-25,6.131966469007658,-8.18425945649393,5.747987986555242,2.304322942561331,-0.2569516325623291,2.0787653440681866,1.3389450939840213,-3.978656985039409,-2.4000075345064023,-0.9110185049111837,-1.2276246757285783
2022-07-26,5.754948953482285,-8.135330873145488,5.66350091548232,2.1413230686772184,-0.09421198338224152,1.834277932960256,1.4116509422845116,-3.7331398759232717,-2.2456601103674045,-1.049676820308303,-1.026599326453234
2022-07-27,6.173402938560045,-7.959965955986572,5.789835732613168,2.496791877212292,0.41088651529128606,2.032647627297649,1.2074109034444471,-3.870461873991183,-2.2479868123392452,-0.9172630273578459,-0.9654992941551247
2022-07-28,7.285836612657256,-7.535531599014906,5.6993499863896595,2.577259365686537,0.7218520289868929,2.4759135106863956,0.849979406430599,-3.5050889170531185,-1.9631255084437806,-0.9121489993531915,-0.587925261007153
2022-07-29,7.4127021880954675,-7.5774315868373,5.44185999029552,2.5649436678297644,1.1072655319124558,2.7304028978934176,1.0128010502733238,-3.5600564818831524,-1.5794246642418277,-1.0466384517875484,-0.5038990350970194
2022-08-01,8.577717898830375,-7.149274472469651,5.395288658602771,2.3244539756814806,1.4161497412393074,3.0717027021478285,0.6971656078958425,-3.689253398058466,-1.239241755825117,-1.0734418925503104,-0.3416753578676961
2022-08-02,9.285202341514161,-7.135584671397428,5.22679812415501,2.676449572245958,1.590282164838181,2.6772242395542407,0.8997833069481647,-3.538236073545156,-0.9477020351532366,-0.8013373596834537,-0.14237515227510666
2022-08-03,10.010542095674325,-6.920959944408747,5.354375296708129,2.797128913705862,1.4956201314385027,2.7887893352345263,0.6209226452884246,-3.6331949515384383,-1.1865689866312652,-0.9282882375378877,-0.21668275758787692
2022-08-04,10.187111656912636,-6.8291903567053165,5.180939069411755,2.7473638238521554,1.483468668097748,2.765067283040737,0.7090049091982875,-3.4610142081911595,-0.8787566875368913,-1.0345570184547328,-0.14883601477195785
2022-08-05,10.536364915546258,-6.645140944609336,5.188425371854266,2.9304462175873214,1.724908493141041,2.639750306734568,0.8081411180627166,-3.453065241770597,-0.9184368650274637,-1.1418548363276861,-0.059048892054250235
2022-08-08,11.065408895335917,-6.321333181273637,5.386581718928509,3.015837428139263,1.6235635482123827,2.6692297283215565,0.3613904401851791,-2.986724917561732,-0.6584778391636203,-1.0651885309170646,0.1683741952458242
2022-08-09,11.527724928990313,-6.426428935383895,5.45403808726137,3.327424418966398,1.543528173378538,2.502147485861151,0.4731095192607039,-3.023341287715022,-0.738262617428785,-1.1701084719702288,0.3500851848226406
2022-08-10,11.67935331065253,-6.388814038078705,5.173286045462739,3.4735963275491946,1.984300828145185,2.6896949842669744,0.5683264761447742,-2.8976411491356444,-0.6943636930040273,-1.4195961483236759,0.5019318370631459
2022-08-11,10.980806223102036,-6.58803648518369,5.220976823701381,3.2272507393311267,2.1193571303425416,2.6443958251220456,0.7547231661478091,-2.903246041453524,-0.9990786188532401,-1.416349775764799,0.5124844672280265
2022-08-12,11.545244657059133,-6.1745336273644265,5.39937501201376,3.1474819747089238,2.460850459789065,2.9677516761943634,0.36921219855583887,-2.661730274578947,-0.7064294172512994,-1.4498341285591474,0.6147637190702772
2022-08-15,11.932407517686103,-5.9016516746509815,5.535004496050135,3.143983897783724,2.3614470526099787,3.1352822023832685,0.09314032170913078,-2.6498536387225395,-0.3754392874146687,-1.192584614352223,0.5481370753260831
2022-08-16,11.868507892326758,-5.745198953488776,5.57931542459896,3.204856281290127,2.597362802535015,3.0993349819848848,0.00518545820449455,-2.470034534603779,-0.1109758807014608,-1.0237497358890455,0.7066271519956975
2022-08-17,11.594649077540208,-5.816212407595922,5.50258728283611,3.0707123141346018,2.9473455128606574,2.877490838974505,0.01953779265741868,-2.4615272050816763,0.14572641696903604,-1.1757964283117985,0.6623079506083647
2022-08-18,11.178177446214617,-5.868800368517306,5.4927554582580065,3.012589055637787,3.193036587704292,2.886566805492416,-0.11249853650624964,-2.3578527109599037,0.11061309596219228,-1.1294186329900864,0.7263072992116583
2022-08-19,10.859733880148498,-6.082509514307214,5.456035247016382,2.687207382882499,3.3653801549610507,2.62612244503292,-0.13222828698526318,-2.273653937761174,-0.17931485114699336,-1.0209824393108196,1.0371464706405042
2022-08-22,10.193084109269615,-6.218703028680469,5.44672034875207,2.52199601233084,3.63738263806092,2.690758301719459,-0.10548392619305166,-2.09408873729995,-0.16268995186978472,-1.0262408566444772,1.1380002420125679
2022-08-23,11.059921721602109,-5.855746216790553,5.2331874520846196,2.6909126904167042,3.992820708681216,2.7120657465392086,-0.5205829537907496,-2.0841065743241836,-0.03179930668808899,-1.026526393216578,1.4180728844408816
2022-08-24,11.580339239509645,-5.595409632236015,5.336874504582484,2.9409955014273743,4.194573030610146,2.7778385211044725,-0.7513660301600027,-2.220797172876557,0.0034317577245222344,-0.7819743125791334,1.2010643598338746
2022-08-25,12.221256486963949,-5.418737013064642,5.1436660935174245,2.7560657915373756,3.976053340869659,2.867252251238454,-1.194549551201729,-2.0600286076104197,-0.14988737836523103,-0.8300846072824596,1.3833321735073199
2022-08-26,11.630120030118974,-5.81420700725984,5.167459616969364,2.60725269197874,3.9417207103592706,2.909735083594631,-1.1689524358562193,-1.7888899456264618,-0.23436797398451603,-1.0233440993036442,1.1475985034992144
2022-08-29,10.563135872237428,-5.89165408422282,5.27524847325274,2.4633829991996836,4.194985842186778,2.612970252817869,-1.566589793164889,-1.4616799052584826,-0.4375067527725073,-0.9232459591393065,0.9514038740167239
2022-08-30,10.653262055808295,-6.007592902436269,5.167770400224735,2.090447258755685,4.5209878982846545,2.8421575329252757,-1.9951414872387412,-1.4151290955055436,-0.3177905583213982,-0.9867318613736346,0.9051869074281662
2022-08-31,10.967403553632229,-5.756135304955149,5.158578558191809,2.493234530572155,4.695225451040606,3.35183313814112,-2.0474888472175525,-1.1022010072128872,-0.176120619647141,-1.1041816707647891,0.9222434479440246
2022-09-05,10.86516486222771,-5.735370734377739,5.2266663807914595,2.544805272919989,4.447863323773551,3.1926272930832704,-2.1022961663131805,-1.0318959051082888,-0.28784264426558626,-1.2684271964718945,0.9873145361817139
2022-09-06,10.915734858357812,-5.802304488942502,5.1451192275662105,2.5608093245614505,4.281363948529985,2.903479319966597,-2.1553826542527728,-0.9914838153893181,-0.1951691857870488,-1.188571681846173,1.1562342473991616
2022-09-07,8.806643442266456,-6.346572801003984,4.890510710812546,2.185992481151838,4.171222171422913,2.4739666353867866,-1.2430926436463932,-0.589874931082824,0.04967323114394398,-1.4455449424643392,1.2557931821260087
2022-09-08,8.167825877335202,-6.558152121545997,5.171480339012101,1.9566783866589936,4.321058430078465,2.2443894767192605,-1.2078564205889735,0.16102507467504484,0.06572175799463731,-1.0000196436732987,1.257433432950439
2022-09-09,8.8641833313004,-6.332183964993632,5.470941452606233,2.1897332830325387,4.620159209780379,2.9153950451098742,-1.8027882470067125,0.5473768353699778,0.3508563025334317,-0.8214287842450658,1.4742535221895454
2022-09-12,8.9598537951393,-6.409980663437889,5.314141856845984,2.317647898079585,4.81839863679779,2.7962838398915353,-1.752889256806445,0.7638377347656533,0.23436912448292668,-0.5771469433896195,1.4387982777812838
2022-09-13,8.975786798191464,-6.316963372509328,5.279314148569765,2.4933576863307993,5.060171001422492,2.797134906110477,-1.9524789218421392,0.7422806284637489,0.09768197898606301,-0.35172480571003306,1.226571794868015
2022-09-14,8.748004966227835,-6.269813741084505,5.364289710675001,2.2609920547784714,5.237831463508816,2.676817992517568,-1.6710022857212021,0.6997979199147893,0.06519169242816353,-0.7139080901658572,1.4321353910933463
2022-09-15,8.996665333202778,-6.153948206985872,5.300475753931613,2.3272439569620493,5.805373483770532,2.9205673961171383,-2.1243678616895454,1.118226467361311,0.2890430503880819,-1.088874812463584,1.7320113357439253
2022-09-16,7.854431333157093,-6.4098151551014695,5.053327185633311,2.2336027534743836,5.90439047877048,2.878566341756608,-2.066131525279781,1.2639664018292485,0.5706732214255094,-1.0365914369408342,1.8331408285407933
2022-09-19,5.457157103373912,-7.058918565179225,4.874163299121682,1.7570361615032795,5.5763911969936375,2.3612966185358943,-1.0952354714819013,1.1815364563899802,0.475196723914313,-0.9874564503283091,1.7593020947990707
2022-09-20,6.2284642279431734,-6.91696506621294,5.013344154049965,1.6635774270510637,5.6064896854830035,2.6761716748496704,-1.686270338041312,1.13806025121877,0.43401908478816625,-1.148759087805079,1.7436586534776588
2022-09-21,5.9756414950409535,-6.824765055589561,4.968898899938591,1.5021204086738729,5.754142511731368,2.5797918218245504,-1.4740717111180979,1.137281821680836,0.636795319076523,-1.0518565967742246,1.8167624674344138
2022-09-22,6.5236051653759635,-6.568264554981372,5.116288915395421,1.8347291672999706,5.821343652285663,2.7133640050554915,-1.5789135078073788,1.060105897150582,0.5015946382462442,-0.8765365226358519,1.8015262694426457
2022-09-23,6.317040193216887,-6.659606569172677,4.929067884297243,1.7216756542168226,5.829466457513984,2.7115257076021297,-1.7597897725703788,1.2626440245867476,0.71534136912014,-0.9042364737794097,1.693764183895152
2022-09-26,3.9559488791445627,-7.383298733454181,4.4831532298990675,1.1595450235170275,5.474357055646244,2.038191316129874,-0.8527983239648735,1.3617116035396994,0.4285993421965164,-0.8456175043210604,1.4649027887599597
2022-09-27,3.5821753055110737,-7.2191557102668344,4.144954814903666,1.353000127821783,5.795222262052109,2.136747991680753,-0.874015851015745,1.3439889104603258,0.3964692132846512,-0.7035272402331166,1.5019249720837262
2022-09-28,2.4099015746148607,-7.746656551900219,3.761823238490313,0.6002942534982973,5.36238601837699,1.5534269399494336,-0.08323781203770456,1.6597763684059301,0.4866889824522736,-1.0382045469589196,1.1903163467070748
2022-09-29,1.3123913696824334,-8.007497136450798,3.757448175034204,-0.038749348128423566,5.398522780815059,1.0934802480887138,0.43059572315260336,1.7556697985421779,0.5475046539695396,-1.1184655023050867,1.0244381226290913
2022-09-30,1.2642078758658721,-8.023118066523594,3.8112930166260415,-0.053392526468600474,5.645443314290384,1.0083630437523443,0.0011977311177586714,1.5493059270850746,0.25661568881446906,-1.301619176749883,1.343862137916711
2022-10-03,-1.8952649077430204,-8.807807630694935,3.5685457236707077,-1.1108049421500883,5.5711809937224555,-0.17938916002642136,1.4544522928253554,2.145024933170288,0.1819302382581507,-1.626017244562835,1.378354325722534
2022-10-04,-2.853865292125053,-9.066270628125267,3.5418420918794036,-1.4461739457723786,5.376568293021878,-0.35394911111775434,1.4595713277664857,2.2575048610223725,0.19170449835465542,-1.435558826437643,1.025974591981393
2022-10-05,-1.2236810456129943,-8.548956371425735,3.909205363161042,-0.8271539873608804,5.967504945173694,0.1174149811524495,0.9349578206502752,2.279323900142261,0.2980590150264001,-1.322310261050163,1.0532333564649827
2022-10-06,-3.4267622550444035,-9.214866264920172,3.681550465368995,-1.630202775514937,5.839299467370219,-0.6482144049962676,1.754837017086909,2.5302066398543643,0.5745508937800906,-1.1443490616961387,0.8125770832581045
2022-10-07,-6.274317403650432,-9.796601925283671,3.1819749360771574,-2.224554449019467,6.07671230711485,-1.3195676980726678,2.2687535194554966,2.4349561839927114,0.34303055397584004,-1.280805559257779,0.48861821769792535
2022-10-10,-5.709075573250811,-9.288562846763796,3.4223564778291355,-2.3540728113491647,6.246746038823703,-1.0367251733804328,1.5509140608983576,2.8278737657365274,0.08068926725182979,-1.1471642044722978,0.41612875799619475
2022-10-11,-8.29520092671282,-10.091632410405897,3.3689699449793427,-3.219020886589412,5.935361123077335,-1.7323241540530436,1.997563239482436,3.2313133899446598,-0.07090253476869313,-0.9358999311636929,0.295931211049269
2022-10-12,-7.07489457407241,-9.383121664101619,3.436903386029173,-2.7909572111909897,6.217105318897978,-1.3391730075843629,1.4285476787815656,3.268117570145375,-0.012614810808565413,-0.4720687462386728,0.5041095545608543
2022-10-13,-6.80436345580312,-9.292514771388664,3.2027528245996346,-2.840636027872323,6.218962050076872,-1.0602761416542754,1.1013755756438623,3.106238915252139,-0.16916333989414167,-0.23238373094021042,0.7249589920378234
2022-10-14,-5.931396798052629,-8.996880293009847,3.530481953463454,-2.6098721520134296,6.32043169009578,-0.9552950386322652,0.7448933492590979,3.0279602797163445,-0.17537654754954957,-0.38401219831009825,0.6949031849986225
2022-10-17,-5.987898989576763,-8.918545306569662,3.523238381985575,-2.7278892261730987,6.337827425204932,-0.9060981186570436,0.36318793267723476,3.20989920747811,-0.5694693457180623,-0.16268547745371617,0.7469800269368455
2022-10-18,-5.350103805301368,-8.756747996599493,3.472483838292783,-2.4223998538648415,6.376081252762637,-0.7173882253464429,0.24182423855566362,3.021863451832358,-0.19648442093551943,-0.1021917451938088,1.0472041853306968
2022-10-19,-5.47394489097819,-8.459885855865133,3.516645068452311,-2.385444059436005,6.334739596304213,-0.6825935967462355,0.1260821767280123,3.282527100360583,-0.20417670035984348,0.06993859702860462,0.94997886199785
2022-10-20,-6.043450198768687,-8.583365957234193,3.4536386338730276,-2.600420613979483,6.294498341948392,-0.8762773134079002,0.2373251185108248,3.417700039972452,-0.15005895009459502,0.38932238260224417,0.9313679177715208
2022-10-21,-8.932709002851102,-9.319848038599293,3.0162538986231384,-3.534687635167934,6.160597761695211,-1.6591723769520708,1.149537598089293,3.209178366876891,-0.1214502935369357,0.2747865185085856,0.5208546324543442
2022-10-24,-11.403490487133338,-9.682226669732916,2.8773964427776297,-3.7727416391250417,5.438651125688084,-2.329461198306743,2.2571654781860233,3.600976712946711,-0.08206587306989999,0.371117468266478,0.2948717313387488
2022-10-25,-12.080803736538687,-9.646042413332253,2.5178921475515725,-4.23410243905164,5.355579745635679,-1.98962199176091,1.1036915431194971,3.1835200054366464,-0.06771000297703922,0.9367676834904695,0.021918154724724914
2022-10-26,-12.597253612654795,-9.892243260009854,2.421253005255971,-4.761785718735079,5.10327509745858,-2.1998636245794283,0.82821828003689,3.391940166973657,0.1200440978319317,1.3988708703933974,-0.26264563758749127
2022-10-27,-10.627522523075692,-9.213213858504798,2.133246284842145,-4.577125180049549,5.413264864526983,-1.5586207280700775,0.14902416281849845,3.3508275777094956,0.30152019532534524,1.7968266281270568,-0.2218331465071714
2022-10-28,-10.554829901128578,-9.112657734902598,2.0475598279575533,-4.335401100183917,5.678225841200531,-1.4388202837029165,0.3962987502125802,3.363434858382832,0.33724249652373983,1.6285154164567204,-0.18070943803929768
2022-10-31,-10.961238552535235,-9.170407026841236,1.6970875359612456,-4.603531805677388,5.532709015078962,-1.5485256835219658,0.03470347796717482,3.153840473407006,0.2989399620851555,1.8702211458912594,-0.2911854404897379
2022-11-01,-10.842620545057088,-8.750449759729193,1.4695429840626395,-4.496597433849571,5.791268425252365,-1.6096478120605,0.11183124283235343,2.7373476656441023,0.18849342013783377,1.7347617123640382,-0.1565176070955252
2022-11-02,-10.924908599314652,-8.911338169298263,1.219384130394784,-4.465236771800368,5.5461370439476045,-1.8781521439862374,0.40219096050550884,2.899955057721362,0.4041504166406019,1.5589057721336368,-0.3352866450517988
2022-11-03,-11.17904914452081,-9.008818285196337,1.2947307306738305,-4.51917369100365,5.538346560734205,-1.968739229756066,0.2167863812526293,2.615127192235116,0.3525623730777325,1.5033323954354025,-0.2759126663762126
2022-11-04,-12.877885874679183,-9.427541746647591,0.9591726795224573,-4.9936314790441845,5.0195842433007645,-2.711875626244155,1.1989230540968154,2.451734629169663,0.13105949087656033,1.8960462010937371,-0.1919546133918677
2022-11-07,-14.952970738986515,-10.180930238777291,0.7941573117974048,-5.659168941519633,4.309850170389836,-3.6099671467648746,1.376561405167744,2.398438663621608,-0.08045817213737472,2.3399222065077647,-0.2385769170745513
2022-11-08,-15.050956244230264,-10.085388401837125,0.4914362864762634,-6.043956557582849,3.9658161399643257,-3.2989703300209365,0.9939865471342327,2.2284388825658596,-0.12390344119026464,2.3550574004000624,-0.5959987457493032
2022-11-09,-15.072541245308638,-9.983336636105546,0.27012673879406146,-5.317517496024749,3.983966111005031,-3.131463989506259,0.8573715639143411,1.8900860252959164,-0.0036291875070273427,2.637332453381106,-0.9973109200456747
2022-11-10,-17.496443993461128,-10.535985709799442,0.044581854910525465,-6.201492449924338,3.6005949443161,-4.0986335238253915,1.5607379220704365,2.119161779864694,0.31749191637129126,2.041248132365481,-1.2819750083087542
2022-11-11,-18.50173320366941,-10.611346972062755,-0.6458342262631157,-6.03754671357626,2.948365068281732,-3.826439690963112,1.0870796536807532,1.218730647755966,0.34863031831350677,2.4265542195473455,-1.535832073945316
2022-11-14,-20.53023570210417,-11.084024235957493,-0.9515540255047641,-6.5059286204399775,2.2876727936684613,-4.101641370252538,1.4957382250084963,0.6534907124720795,0.5811351361022092,2.1277640472322172,-1.4761363190284815
2022-11-15,-22.87182337711298,-11.953644251640648,-1.2800770794846774,-6.818736987742271,1.530380659553296,-5.009412328641059,2.314570589190061,0.2107442717331729,0.6960991625425534,1.4415938475665422,-1.509491697895364
2022-11-16,-21.043012093001728,-11.244097827474675,-1.5268441484451136,-6.550616507037933,1.6824168733311882,-4.484705446440335,1.2458249432560755,0.7222254522414673,1.0973711002293234,1.6079494041092761,-1.748487577062076
2022-11-17,-19.808984003096857,-10.863830713888134,-1.6326287443782024,-6.1855435328388495,2.1069439461130868,-3.8680658295779544,0.6041564823429271,0.6258545464406041,1.5112019385494984,1.7824801915739772,-1.6962277805346473
2022-11-18,-19.31577803913941,-10.764679418863228,-1.8148098723817543,-5.7158540021973305,1.8851469421553704,-3.6620694180500544,0.928443337562721,0.5947279384826479,1.8930573484341588,1.4727800435971892,-1.926934930478995
2022-11-21,-18.887315762304873,-10.750010348076552,-2.0954556702736253,-5.502350944309619,1.80903028932544,-3.1866078521956274,0.6745113146740265,0.3458535910789007,2.090144747575075,0.9010283134429928,-2.2640436280591447
2022-11-22,-18.631344274985203,-10.646585664733617,-2.0259881962597532,-5.36843558767484,1.6198817826880412,-3.2590053454477137,0.41973175652404127,0.15654732079075595,2.0174880964176305,0.8848742018351263,-2.3210271530741595
2022-11-23,-19.68217975638996,-10.695389246556307,-1.9771839412780339,-5.4772887321499955,1.1693207123568732,-3.14258879670113,0.1552810912852033,0.02496996851548916,1.4974627863894707,0.8477133615244726,-2.4575158785319284
2022-11-24,-19.723439754317766,-10.689220834536904,-2.264568666690614,-5.709115780503308,1.281697825634342,-3.029194157901177,0.04995073553555224,-0.33376556896033727,1.6327680535792486,0.8914613894088634,-2.293621620617812
2022-11-25,-18.45967722608539,-10.220298479410422,-2.3998515385516805,-5.3235679772145925,1.0017718846873507,-2.511066570428844,-0.33357452567194995,-0.4614096473445155,1.932938503696769,0.44508212714871404,-2.1744710416302535
2022-11-28,-16.528306875114907,-9.59225355818311,-2.2572177384860406,-4.882557523124947,1.3598036698134235,-1.9074992832710476,-1.3190554717144847,-0.7382492996274108,2.0437969258069435,0.600081204872177,-1.8910976285869752
2022-11-29,-15.586837692675712,-9.20509319055699,-2.0370235951830944,-4.4521375280925195,1.307086298501341,-1.7878878203074584,-1.6715444699395672,-0.8816790697578618,2.2595383306899093,0.47163094931095434,-1.6237177635365565
2022-11-30,-14.943753526425692,-8.791261227649152,-2.0173049373899783,-3.7126216929403713,0.9712464910248408,-1.3756502144314846,-2.373119841316133,-0.9721678659971151,2.3540613534204127,-0.16947814810355438,-1.6684278687400778
2022-12-01,-14.711125176835987,-8.962654449971819,-1.781413155960056,-3.2760174619524847,0.3697628593360772,-2.0074285025283407,-1.5696937368306827,-0.8596361889285469,2.5819354262082563,-0.6989852116816264,-1.571506686844811
2022-12-02,-13.463198133816533,-8.587221360270343,-1.9340730238784138,-3.1305318687778274,0.24723346476716343,-1.4901922797924199,-2.6017605018357357,-1.45206279824218,2.6012654380135674,-0.45970930177036345,-1.50843246199487
2022-12-05,-12.91819584602646,-8.385001950594834,-1.9518633993909997,-2.9786812070248856,0.1497602679232031,-1.3002760006839305,-2.7858474781948024,-1.9551556074559013,2.7287587828439896,-0.26472209562033117,-1.3787586053955914
2022-12-06,-14.715724737972524,-9.05782125063013,-1.5757272700906353,-3.5320615718843715,-0.1432499134036433,-1.9620028330939194,-2.0988306062594613,-1.1483065702834059,2.277736156517835,-0.6572539071809781,-1.73214553696113
2022-12-07,-16.040045495964545,-8.94809580228948,-1.715259443189562,-3.74670486721394,-0.3519355069956964,-1.9418628042853558,-2.004611332973351,-1.3066035074637163,1.8654624658743582,-0.6395292222839309,-1.6626611412977883
2022-12-08,-15.21874703574732,-8.561057600085759,-1.730814326497749,-3.48875160248344,-0.5194851580903189,-1.4854172675962742,-2.005630336939686,-1.4123479510003962,2.036278925770904,-0.8122767861422119,-1.77089473232399
2022-12-09,-15.05195609549752,-8.427778364787185,-1.6783159318196066,-3.5477141366689304,-0.6547097080488473,-1.1377501274142903,-2.092549196582406,-1.7006643814461415,1.833502086286889,-0.9859360455160611,-1.7370300348760517
2022-12-12,-15.385195872224733,-8.571661587506842,-1.4289450116955322,-3.484715423374338,-0.8500184606538406,-1.0942781411809064,-1.9413684735344343,-1.3119523487192983,1.4559552882935942,-1.062115371835537,-1.9180258739029172
2022-12-13,-15.033407808895781,-8.234694671475301,-1.5684637104916659,-3.2888253021905474,-0.8084811590718528,-0.6137646465721138,-2.373368823355449,-1.774420642105286,1.2876953929658224,-1.3200626841973182,-1.9583533760630525
2022-12-14,-14.652414013496513,-8.006702690693896,-1.550902750849499,-3.2188182233398437,-0.7270530236244064,-0.47290624205884635,-2.493479675501816,-1.8932900138712583,1.2624016875256472,-1.4629733362699207,-1.958147149393879
2022-12-15,-14.541795899849003,-7.724931284528318,-1.5911753714529642,-2.9784113167034,-0.6632920760798966,-0.20694375721769634,-2.682693815479692,-2.0849571153837427,1.2171831768854737,-1.60517455308034,-1.9026123680949747
2022-12-16,-14.417473449723474,-7.659216472557872,-1.5437117448371838,-2.8682172783708344,-0.8320685536890726,-0.05866423576852847,-2.6805773466782217,-2.5288420551389286,0.95833404577943,-1.9085087791770268,-1.8822634433856056
2022-12-19,-14.74251493256493,-7.746563922854827,-1.6314953185655436,-2.7718105703112936,-0.9084965319698248,0.16193753989725201,-2.2694405484750177,-2.8660830199871583,0.6893133029942551,-2.2258724526063753,-2.0712396365120425
2022-12-20,-16.080122518069178,-8.095634393441697,-1.769550167026578,-3.1700023274100304,-1.1662171038436053,0.1087425058269671,-2.3680459784821166,-2.985093213538203,0.15865134544466714,-2.2583915583003957,-2.233457776668693
2022-12-21,-16.82486090112056,-7.99032230602308,-1.8916030077342068,-3.52312241548323,-1.2434522583145193,-0.1147192416038218,-1.9627454513250382,-2.4792562624785752,0.3395523256789341,-1.7292679974429022,-1.906438058982391
2022-12-22,-16.556237908969322,-7.739530394171473,-2.095378769534938,-3.3817506745288233,-1.6095327397795458,-0.0034534163602519263,-1.9890367223188055,-2.4718386155337546,0.3744332362889725,-1.8871387701578186,-2.119971794123709
2022-12-23,-16.581428706443365,-7.712356020591948,-2.1645447585878363,-3.4548775651524366,-1.6633260183798715,-0.028458888281610417,-2.1932249400251385,-2.5249392637859494,0.26321360770696905,-2.043482840359909,-2.3202839582818386
2022-12-26,-18.46600995225735,-8.3306296196035,-2.290857128433905,-4.062225899364661,-1.815759671771858,-0.4412131829984104,-1.4110723789726103,-2.4935621524928138,0.10455410095598042,-1.8427846972604907,-2.434507238139523
2022-12-27,-17.17131986512576,-7.675136832568928,-2.2071263485337242,-3.8994511888701417,-1.904122513213982,0.009556576626293167,-1.5190602000785658,-1.8428046429014127,0.5401099784025869,-2.146154085771543,-2.6390841749241165
2022-12-28,-16.90493311598995,-7.8957999982350024,-2.4861955695018225,-3.650921068514264,-1.511834737038754,-0.06299419775131243,-2.1413537912204705,-2.51060157716274,0.4601050521510678,-1.7035035809344152,-2.0533041671269325
2022-12-29,-16.969596418502707,-8.12961205663649,-2.46611310300424,-3.7553043371562476,-1.7489140220150297,0.4062781171309,-2.4966483205923877,-2.7220180610479234,0.5019322832282316,-1.8753073188000564,-2.428850301885564
2022-12-30,-16.509793229160042,-7.983926238576382,-2.5332257569371275,-3.827217842870479,-1.951509669316946,0.9878744157447248,-2.7573486819356594,-3.0888735795515405,0.25849483807602014,-2.2109067795529227,-2.5859660699647193
2023-01-03,-15.147251868156925,-7.536068461689714,-2.7669036217660343,-3.6137307988866256,-1.576784006509341,1.2995829857107342,-3.545678497029926,-3.1083099276842567,0.7926996183167734,-1.8963755958401167,-2.1409346232713187
2023-01-04,-15.12442773996079,-7.323744381812406,-2.873738260504294,-3.4386993963816446,-1.4885448481931567,1.2826308091620848,-3.778599087214973,-3.1392480630039152,0.5991052861853271,-1.6965723264532129,-1.9623193755881916
2023-01-05,-14.831303967753634,-7.052504534378851,-2.8943004424934924,-3.3721942259670454,-1.5296135599540452,1.2022952233600033,-3.754944937660649,-2.8659948328703457,0.5119185721132331,-1.3988952792615577,-1.4147194735589974
2023-01-06,-15.267759614934612,-7.047657552058396,-2.7985806728386455,-3.395379013814706,-1.6997975075215217,1.2377603575370282,-3.189965178217719,-3.036498163495942,0.6232589000258963,-1.46242332404743,-1.3613752455765051
2023-01-09,-15.391548306274899,-7.115276222702808,-2.7727658967472872,-3.6062476870827185,-1.6816472585827817,1.1723453429590351,-3.0608719486076903,-2.9376368764280185,0.6537050889324266,-1.0698676482233407,-1.2610158174336261
2023-01-10,-15.212173335358855,-6.9827656697178515,-2.981550916777815,-3.576757912175628,-1.8390165836175503,0.9264631514337025,-2.8491659241756784,-2.8466052196338723,0.6688959671754409,-0.9748017081308642,-0.9069050761019269
2023-01-11,-14.982339163054458,-6.894437179952856,-3.0479552155597354,-3.5178547208969633,-1.8392784139885692,1.1642757301861617,-2.7358630528032766,-2.9256164102063593,0.6030005028237927,-0.9325703832619556,-0.8920066251677925
2023-01-12,-14.850760524306015,-6.727805968826248,-3.110628423789312,-3.4530894763186306,-1.9511535298246638,1.2995163314997753,-2.763379110802015,-3.0439301941760055,0.28164124032855387,-0.9958082504655714,-0.7160801256365149
2023-01-13,-14.806658108842514,-6.694801030899717,-3.2916958539169583,-3.274794672091222,-1.8628238601903657,1.5958122375087909,-3.011663986129137,-2.8979001126646136,0.3256439103319684,-1.2345910181752828,-0.6878315100058804
2023-01-16,-14.884142449627294,-6.50902112558747,-3.3363568249059505,-3.261305521416739,-2.066709402177015,1.7570520567195582,-2.678317340962114,-2.951949419934388,0.46281735577546557,-1.0379919847432162,-0.28627760858374285
2023-01-17,-13.857467879563465,-5.992644033369212,-3.3971778019668895,-3.03132015142831,-2.0169995369090574,2.2330927899282633,-2.9376449808370078,-2.894779176252695,0.5631797612127258,-1.067031163164394,-0.09031551310113312
2023-01-18,-13.281953505720221,-5.68997159704899,-3.1013276078746275,-2.896703809045178,-1.769943422525273,2.1899154478227407,-2.844860719332055,-2.7402112142234523,0.6101196395844236,-0.8380385746750157,0.14321465878264578
2023-01-19,-12.720323460821838,-5.524613111505634,-3.2717620489887156,-2.57733260165442,-1.770714419461975,2.5669858175314735,-3.050907937317034,-2.650767636655122,0.4497400680111367,-0.5978883556382136,0.11943114473867643
2023-01-27,-11.975918197050397,-5.2655144593980925,-3.0834301823165404,-2.1182504338428787,-1.7721456185486733,3.114088218542665,-3.474236521470058,-2.408861049765678,0.2722173958616254,-0.36166051544181943,0.19718248894513166
2023-01-30,-11.750140231686267,-5.164805914811257,-2.8986977450737754,-1.6669281245098486,-1.868611801116771,2.796255771572688,-3.0828661062165823,-1.8546330148612646,0.4802056447066527,-0.4690085061186659,0.7987232097389909
2023-01-31,-11.34180919062603,-4.645401185260837,-3.0676597241527035,-1.2741474572064941,-1.7520303023780652,3.119179830341159,-3.1076031003327076,-1.4904511631525041,0.5698563707148863,-0.5150975137097742,0.6533552229948596
2023-02-01,-12.748530632503108,-5.364536515552493,-2.816229039645508,-1.9257304909100283,-1.9661829834571685,2.4601589503096926,-2.379423963491523,-0.9713564019418217,0.5421601378507511,-0.6456082584179986,0.7418118292790419
2023-02-02,-13.449353647778427,-5.439497625979456,-2.9187171852590605,-2.00576022662465,-2.1670145323821965,2.4115549282747946,-2.253930828694057,-1.1887794492881498,0.4849222273979544,-0.38995385147537587,0.8273966817741863
2023-02-03,-13.346603172770976,-5.343619655169505,-3.1530585709788284,-1.8317220505641871,-2.362546641446866,2.3440386333723815,-1.8456513508112442,-0.9868649678920944,0.24889625336535462,-0.3986275956204043,1.1952882505877802
2023-02-06,-13.169945000070296,-5.251716846068334,-3.1307805676765286,-1.7923157357812434,-2.315406842891561,2.539283324905746,-2.120305002921321,-1.1278695763681506,0.24572853232384087,-0.1996496529195993,1.441161819135003
2023-02-07,-13.885091591021563,-5.6276945649411925,-2.9644735274415073,-2.02549798867515,-2.424203183233959,2.0894788612309707,-1.839324752725668,-0.7052998471464904,0.32661062912054595,-0.30202272311226497,1.2316183836214765
2023-02-08,-13.779393968646467,-5.35473794184861,-3.024428319406391,-1.6185945367657382,-2.4241879036474048,2.246259260935526,-1.5110966534991792,-0.6196717392998934,0.5760564535715382,0.10901403035729168,1.4886103588125068
2023-02-09,-13.610734235356414,-5.13314005600998,-3.1396306314218534,-1.5014981189820862,-2.403873735595423,2.3099257607824306,-1.637033220388656,-0.08733694139275895,0.4365669470129338,-0.036622125763600244,1.5611243994820572
2023-02-10,-14.208188856173905,-5.4776476890042805,-3.12458630653404,-1.530045877274056,-2.436585429090269,1.9744864355238962,-1.2628366555639563,-0.010309544669015736,0.34126665242393817,0.4809579002137858,1.447143958936947
2023-02-13,-15.568871575735564,-5.738134342548788,-3.2071137942512897,-1.851335461984506,-2.6701985138607647,1.9485940066079674,-1.0601699271672662,0.22312453258060333,0.5786613665534587,0.783288700644361,1.4300723806336326
2023-02-14,-15.385667275431079,-5.574032446288017,-3.3242441644701834,-1.633739664232786,-2.6793351818166977,1.7559448428816993,-1.3161090362882266,0.3811961769777984,0.3910772277587873,0.5175986190771503,1.4374282898281516
2023-02-15,-14.778977287748557,-5.199900614240017,-3.5703591907612937,-1.2633924817723734,-2.632941412023556,2.2344292838943174,-1.6229461116160375,0.1539014436996528,0.2457497137374269,0.43630770926413553,1.7211253699773827
2023-02-16,-14.150359619585887,-4.6733334497014845,-3.629919026825464,-1.0459938273190508,-2.5528969699099697,2.548967671552013,-1.719932537072864,0.13156943656668574,0.16046799955738206,0.5467106314928913,2.0648962088369744
2023-02-17,-14.160750120054784,-4.539031248827587,-3.826232072058333,-0.8729824088619803,-2.6679227545578232,2.8853621729656367,-1.651545958372542,0.19676482641162224,0.14331490001984287,0.29282182119624256,2.073985342801733
2023-02-20,-12.763199128874582,-3.9734895489769633,-3.7649545833269,-0.3954681363120049,-2.458510365862451,2.9725459053550916,-1.886224149028592,-0.0283696052477394,0.0611712540448249,0.48039574502224436,2.48097271226938
2023-02-21,-12.721968137205682,-4.24037285519462,-3.616059939547087,-0.14908258713482703,-2.390185998980637,2.7726536704388556,-1.6971553359142109,0.028968001892644216,-0.08224695394396307,0.6694364362518981,2.4001816472688793
2023-02-22,-13.901241396217197,-4.535854699193517,-3.4088004570092685,-0.4087288296552679,-2.651525296759744,2.478714103489994,-0.9699766444976853,0.5081739293609776,-0.2628136371798394,0.5796503180891718,2.158877886617284
2023-02-23,-14.056244637643815,-4.168024590517802,-3.6454800382260193,-0.4341311214880228,-2.616624868081427,2.457270975971406,-0.7915260043348153,0.6815423145824089,-0.22406032918937013,0.5453687939021892,2.4044918775599675
2023-02-24,-14.661738964696426,-4.390429596314553,-3.6537445590824786,-0.29550851706982884,-2.49668085253957,2.369743872957101,-0.6238119337126009,1.0175527978189687,-0.17073315683572188,0.31098121389174715,2.3554581325393698
2023-02-27,-15.747411421326731,-4.55427138773844,-3.7304857655261703,-0.33729853766321183,-2.577314565386673,1.8452589193075222,0.16355997027475738,1.310170453095899,-0.3283370686376002,0.2921522518478927,2.5058523172367577
2023-02-28,-15.73619251355736,-4.411638890565138,-3.562175899865484,-0.1544821542235152,-2.4795020153695346,1.9104011046349907,0.0947108669408885,1.1295997269708493,-0.3680224676476751,0.5873640607289803,2.504825041192622
2023-03-01,-14.888599531477096,-3.899137321021913,-3.9106974298508472,0.03329813322605846,-2.50530279061674,2.145063382343066,-0.1957277360226261,1.1167758073438216,-0.7924637866358176,0.8193921816530622,2.873855385557067
2023-03-02,-15.044890387744267,-3.893357928686322,-3.817808160489863,0.12693366884353208,-2.5945895587975825,2.228735296100017,-0.25326508191780633,1.408304030884329,-0.7434912438940383,0.9580164600961592,2.7929270686273027
2023-03-03,-15.576179845724228,-4.113133211990192,-3.8836212865572595,-0.06530834734344548,-2.6081948950060676,1.9168834246480109,0.0970743880301568,1.366112000730892,-0.7606006084505448,0.9716347344096163,2.6242721062042005
2023-03-06,-15.313584760637223,-3.9417456997739473,-3.900059216176528,-0.027300271847822022,-2.624147512976495,1.9605944381242892,0.17631060422078398,1.4770966510456847,-0.6418900063580231,0.7849829507288041,2.7420879841642742
2023-03-07,-15.21601903034445,-3.8637046846422183,-4.125635164887808,-0.02681561751815109,-2.5507174298797253,2.148314154973025,0.014629106242869366,1.238493235199854,-0.8671398953579628,1.0865792993552934,2.859870251604021
2023-03-08,-14.842277914609479,-3.5560224784508447,-4.1927641815686725,-0.05598872911202468,-2.5476068640230514,2.2398181945981523,-0.09979946445996662,1.1540149285418888,-0.8804055610671855,1.083487163781356,3.1899123526429145
2023-03-09,-14.319300646976977,-3.6632502133926224,-4.281996001511778,0.03248019226229659,-2.440359187275857,2.5103225123715243,-0.2307181748297873,0.9077955347656883,-0.8851770845298456,1.0214898499680827,3.116233073627465
2023-03-10,-14.566471591045557,-3.85170264722218,-4.201365670610846,0.12847950034232114,-2.436888446505854,2.2747808418677407,-0.31104862705979486,0.7514499411379638,-0.9966841108591751,0.9376157400774551,3.0047348319807976
2023-03-13,-15.004843072186517,-3.9179121456560875,-4.13193120156903,-0.014938562856271709,-2.3434194642068213,2.022353858656319,-0.24547712631140253,0.6711209917109615,-1.068981197304505,0.9322597733600402,3.1569254353035356
2023-03-14,-15.870661724917651,-4.410169686741487,-3.94692091662618,-0.4026479684517341,-2.3143834867255952,1.7244011501176404,0.09014901643112849,0.7090091496271449,-0.8117475904931706,1.185954340221706,2.8507913544389245
2023-03-15,-14.514042755472786,-3.5843098054031404,-4.238551351697554,0.10644866785447282,-1.926097308181164,2.419525752939025,-0.1448317643811232,1.0110649970388292,-0.7090615655964472,1.3172809242372367,2.9520326828390955
2023-03-16,-15.428048063438993,-3.9305412109674442,-4.0772729509636045,0.0567872508053896,-2.0179028957696152,1.9645152413700924,0.2909078098367143,0.6636977131153672,-0.8263574919645222,1.1759380301571294,2.7360246528975485
2023-03-17,-15.15547477644153,-3.948460943003594,-4.155588604249545,0.12703426255125128,-1.8770183679244539,2.3214118612864283,0.3265114227606599,0.8861284794715174,-0.9685064223893834,0.7625026333444297,2.6768220801445644
2023-03-20,-16.062444561609034,-4.282946067683048,-4.0823899427696215,0.11176784056920552,-1.9564634007966497,1.8593026394061902,0.7353393098067311,1.2291236719432554,-0.864506002353233,0.8790800198004676,2.629333836901221
2023-03-21,-15.677166573774063,-3.9589175096045843,-4.3375245186570375,0.28097318494123424,-2.0984947277039088,1.9471103665367455,0.6088753766173759,1.2866970324439304,-0.9700458202036695,0.8684887789961616,2.751153852123113
2023-03-22,-15.52506594097813,-3.9326730960188003,-4.470015093945443,0.35907056368085843,-2.0706971031972765,1.958695984873768,0.5819292134265599,1.1005633415225493,-0.9639730259301529,1.0271371811359666,2.656783676289913
2023-03-23,-15.393185052520247,-3.7772672096433872,-4.580491323881107,0.5258409311719805,-2.050699146679474,1.8796718664545824,0.547449376408012,1.1334381232341146,-1.0700925617750192,1.0809457844629593,2.605691979962038
2023-03-24,-15.247268460565657,-3.732518768734014,-4.420335868802777,0.7022833096739562,-2.113443636321203,1.9696334004611693,0.6767740412276365,1.0072623899904085,-1.3482497307822905,0.9478807202046552,2.4262880449140276
2023-03-27,-15.028546382339798,-3.4345460316174687,-4.324959364255403,0.684612294335145,-2.0080749497369808,1.9884443050895675,0.7293409727393401,1.1368531439499812,-1.2970692977140867,0.9070153686434663,2.4813650563356986
2023-03-28,-14.953183182782894,-3.4086388851013014,-4.3583641726129985,0.9116600590246904,-1.833644322873256,2.0649311177997225,0.5526119798387029,1.3684578380843817,-1.247309569303917,0.9239732029484454,2.408573509332271
2023-03-29,-14.948134423451226,-3.1996039368810023,-4.505686179635772,0.9470953993611804,-1.7393307666783206,2.299474035720726,0.7065620847579394,1.4090496755136286,-1.0655466636776627,0.8092657922812736,2.409180333920864
2023-03-30,-14.938736700454708,-3.1194081742344686,-4.540621361367938,0.8794622148662532,-1.7100204210460683,2.4411052073674697,0.600778633508116,1.1463343083547919,-1.048310386227817,0.7646227642510077,2.1375822183548463
2023-03-31,-14.739352090359569,-2.99462199951735,-4.495788924862225,0.8656971087779464,-1.5891802725223356,2.481736399970726,0.6686836592793876,1.1297458592622862,-1.1834893791344787,0.7041362792387055,2.0622962278370816
2023-04-03,-13.928777123106407,-2.645024530958045,-4.533537078681991,1.1207287433606499,-1.3236867811239872,2.5491373097469214,0.46769856580597735,1.0049425011589457,-1.178579804591497,0.7735203869286742,2.2108052183939786
2023-04-04,-13.537370864148123,-2.4564484859389673,-4.509600370016955,1.324845113429074,-1.5080774559574248,2.65062861711755,0.32286428265576395,1.1803839303860024,-1.350754352058593,0.5997455696043547,2.2029041792452353
2023-04-05,-13.171946762507728,-2.2728630636499605,-4.478117036184976,1.745012691593741,-1.5173069159124164,2.987728296141679,0.14908840595022352,0.4926063054045894,-1.465323657810187,0.21395254266722974,1.980397451897265
2023-04-06,-13.23139358807946,-2.371205408013024,-4.411584826731438,1.6789363323956301,-1.4826495092802774,2.7905194868731478,0.23126044961787728,0.8231109729666136,-1.1526525769205862,0.05998412733304115,1.8272790114691637
2023-04-07,-13.122245736460219,-2.196928722262137,-4.508330468610552,1.8397086967205358,-1.279643740758309,2.801231276731592,0.3542734184078315,0.895836533983709,-1.4776214136998618,-0.06392376389542165,1.9992097434893448
2023-04-10,-13.112946393586355,-2.2622024462110812,-4.354923469829784,1.8324686556458636,-1.3234831802208245,2.8774979088196315,0.4284133200041019,1.3531052334671951,-1.1976317703977832,0.04331704120905869,1.563134775001858
2023-04-11,-12.828305611793855,-1.9637429682522125,-4.441473788802609,1.9636055497662541,-1.263148165443973,2.9353621988131016,0.3105945033247474,1.3665004468744215,-1.3262645642454942,0.037629606661345044,1.5125350465863052
2023-04-12,-12.715082343557658,-1.760896914303021,-4.396638731711734,2.103699869836963,-1.1299796550109147,2.918382977024046,0.3330384309246257,1.2814669597609514,-1.4229431826272725,0.03023440590813503,1.3052430532251134
2023-04-13,-12.992662826462743,-1.8737837627809928,-4.1695947916771265,1.9403791348560888,-1.2773912883181917,2.6908622224535605,0.450913644892472,1.0617946243466383,-1.731577379032796,0.058587019669351155,1.2498465831104213
2023-04-14,-13.822893993854589,-2.062836979143735,-4.169563169184519,1.7621554935159625,-1.4753871508764247,2.6519748311321867,0.8397583450281579,1.1293413682995772,-1.5879790867596215,-0.04633172411042931,1.0862273923941694
2023-04-17,-13.822125242110744,-2.0306203365571864,-4.21028745031135,1.783857812869363,-1.5381169988120358,2.508981524530049,0.9689945795581746,1.070948196485382,-1.6160672673946328,0.0002533132978597141,0.8116219450364405
2023-04-18,-13.574259861397127,-1.9589418537215486,-4.317051978099732,1.9434469559420706,-1.4341224012789138,2.4289222729750604,0.9554709398465854,1.2384554809649673,-1.4628489735377799,-0.060629111050607996,0.8819219308853532
2023-04-19,-13.858845615327539,-2.051500297967224,-4.225584110810607,2.07572106819164,-1.4391513804797313,2.39767003617865,1.0946384723824432,1.4963154427928596,-1.5383676221598335,-0.2277936590425923,0.6554055625380031
2023-04-20,-13.70021602115822,-2.16057265006184,-4.336598553297345,2.2035193858558313,-1.3953474628266185,2.5084915423540286,1.1152862954281613,1.5737264215133877,-1.4169998563073314,-0.26146219888077704,0.32356309414910234
2023-04-21,-13.832825574622465,-1.9181452973970834,-4.5297403747697755,2.4822981754686055,-1.5048539712090432,2.3361953002743774,1.3132968218907357,1.63591466886865,-1.5482007956951787,-0.31385334335328097,0.06690427137948513
2023-04-24,-13.729238719974452,-1.670286778172417,-4.662105248159348,2.741946051553561,-1.5955708018142376,2.2394687611524176,1.5660278287136895,1.5058420239634762,-1.5364652451243965,-0.36508098688494733,-0.2901131483615369
2023-04-25,-14.012766955924615,-1.7804752834773843,-4.5241838128896905,2.7526607740600118,-1.6168198569265941,2.0062366554988444,1.7047919784816163,1.5909291389109836,-1.5205738117094585,-0.4935401888941239,-0.5098236011707357
2023-04-26,-13.586728109001248,-1.5207791987800094,-4.6811046353937655,2.683021193440731,-1.42472607625879,2.0933249000075063,1.5391480621702138,1.6794047517275505,-1.4428891246881117,-0.37982167287121493,-0.5744845088939693
2023-04-27,-13.42620026478668,-1.4780352989946537,-4.608512231850996,2.9504156115598152,-1.4030937568746427,2.100944686198937,1.5508772978581842,1.8973117053379018,-1.4299332455871459,-0.5394419761590005,-0.5785378298212309
2023-04-28,-13.149401082203072,-1.3118852149452365,-4.509873660548353,3.101560473201745,-1.151609103823377,2.2395649088512686,1.5089087591646255,1.6136004640018287,-1.3373749465328761,-0.41952585256155983,-0.5513941573179721
2023-05-04,-13.156520555652852,-1.122226328553109,-4.372528311914599,3.2637090948851997,-1.2285476848564554,1.9941494816686445,1.86943531999871,1.3135925685860137,-1.4632219937301372,-0.5366358519895353,-0.9953166296753171
2023-05-05,-13.157879669817795,-1.027825778406859,-4.374642661384656,3.4514593783378995,-1.0845943078327984,1.9773745269190472,1.938296557111378,1.3116511109901197,-1.3557427789660474,-0.5312289639378311,-1.0092468490588007
2023-05-08,-12.669204753635482,-0.79914405203284,-4.350324956678203,3.4593567365032785,-0.8555830321803084,1.9357678148757964,1.9074486017669394,1.0021701346083922,-1.3865307030918905,-0.38534684507131023,-0.865812909981571
2023-05-09,-12.535066550204387,-0.5481818870958803,-4.3740456606725076,3.4455674198805046,-0.9187138866184585,1.8342417012825107,1.9851459860122516,1.146778108373641,-1.2701010667314296,-0.19353413921544882,-0.7919507296249688
2023-05-10,-11.867203477597894,-0.5025366052144896,-4.296349891846653,3.635223033973211,-0.8802610617847753,2.0197966577459616,2.0601371385677383,0.819521316756051,-1.0934477791859605,-0.3665065495453337,-0.7460329817278994
2023-05-11,-11.641718896230518,-0.3061848589038287,-4.2995771610736915,3.9326029352936627,-0.862781443450737,1.905183732713336,2.10749843845689,1.091864011903115,-0.9782633351214676,-0.5447665511157898,-0.8629636134228609
2023-05-12,-11.220460873892502,-0.09865456983610024,-4.354582613693621,4.046044083930535,-0.8370959364852348,2.091978269278386,2.1093839923684,0.9259490802163087,-0.8101288188624391,-0.6794949366295957,-0.9728130082027927
2023-05-15,-11.257244212853756,-0.24646746274255832,-4.359139378738006,4.085903224574839,-0.896678200307388,1.8520329278976777,2.1651176442429905,0.9589602250867397,-0.6058723226424081,-0.5947422975462597,-1.2445232917185118
2023-05-16,-11.247624225331698,-0.021003291058154683,-4.191956075941069,4.018694278262623,-0.768739101703798,1.6511995623799525,2.417293113524239,0.7012479005894408,-0.8824460913668875,-0.5224567081157975,-1.1402692047669385
2023-05-17,-11.408172756797448,-0.3249183069173215,-4.192194335400851,4.115763645586914,-0.818907089617526,1.484821999157751,2.3926702692168362,0.7305892616925976,-0.7887201953163444,-0.6015428079608287,-1.385484077715848
2023-05-18,-11.26268477073047,0.030399676734024383,-4.399934738329252,4.070721793354339,-0.633846481480754,1.4670355886571298,2.2100097261381375,0.9684002943983477,-0.7772463601648395,-0.730763864604272,-1.489804668778818
2023-05-19,-11.262741275520153,0.35334541683213505,-4.31587563927966,4.365159152043306,-0.401805840536377,1.2543833755376612,2.1894229497673985,0.8902115817752325,-1.0603142369975525,-0.6773850180640043,-1.6279680609939848
2023-05-22,-10.713103944120384,0.7432973640178406,-4.522420618755926,4.844539768064884,-0.18041170291199024,1.2789326158981404,2.366934534934575,0.9126797835819024,-0.9717244089784712,-0.6224950716688427,-1.7572285808103543
2023-05-23,-10.81171894677929,0.8263380094942251,-4.407650302852812,5.034696452857949,-0.12716350867247259,1.0173862874144537,2.452151074974715,0.9713236179652478,-0.794473925147098,-0.7111390169308145,-1.9469570574799848
2023-05-24,-10.66472251255158,0.9424436666435096,-4.489230153248362,5.059823432950837,-0.007709604338734001,0.9122894643391704,2.686636022719938,1.2744267662200783,-0.5953784079864515,-0.7802456540653415,-1.9635679349876196
2023-05-25,-10.614008443777287,1.3499872071378305,-4.385136124596665,5.3027907834232835,0.1819062271387344,0.6433747265629037,2.7237490671411013,1.3112848149878689,-0.5051472420231211,-0.8279074815864612,-1.9334557158689034
2023-05-26,-10.074079935672156,1.3680076212560153,-4.3888837218368195,5.477328760210989,0.2764732671260989,0.4590004929775775,2.7990236916707545,1.3886391857899443,-0.5440030702559748,-0.8600320662967293,-1.952968992434402
2023-05-29,-8.90946446163655,1.5362432847335596,-4.267956251602799,5.752054665009097,0.48475472413516624,0.5297288115745998,2.8942672174982964,1.1346236737544184,-0.2692302721188604,-1.1616524381596272,-1.708129131049324
2023-05-30,-8.55967645580429,1.6929598716968273,-4.2302173112599615,5.869133307809036,0.6046262041846421,0.5220969519833933,2.8341752386316026,1.1726697555942474,-0.3052465094961908,-1.1879702366098286,-1.5716685815375047
2023-05-31,-8.028605026089043,1.6782360959513176,-4.1120672427830485,5.895488896808679,0.8914710816138042,0.3136630657345903,2.939231257810385,1.2062710646518213,-0.1546073592796885,-1.2344916914773738,-1.6505830286934593
2023-06-01,-7.337020351345647,1.6707765459195403,-4.058750810215007,5.96764981801403,1.1226600041085375,0.4408035880761233,3.0168362448750354,0.891386932709321,-0.012935597150626421,-1.3729424209838443,-1.6957276174253564
2023-06-02,-7.144345689390445,1.877141014931869,-4.0592353081799155,5.683752609931295,0.718227383787637,0.6179132149606907,2.629255537418202,0.701607163658484,0.0834312406759623,-1.0295734426390342,-1.6479029376047494
2023-06-05,-7.184545975865618,1.9159929620571683,-3.7634870371610907,5.512001217849034,0.6795382858504251,0.804082018521103,2.380474251368401,0.6772915515471143,-0.09206218259870769,-0.6844855396247549,-1.4468878231864988
2023-06-06,-6.575568499966355,2.126882899596886,-3.6557471294753503,5.897056108221656,0.9458756085261629,0.5957382405138774,2.5132522596169493,0.6866085179392789,0.17767782006798005,-0.7400654914638357,-1.377475139409766
2023-06-07,-6.1007078505246035,2.0994813601644275,-3.65208166486485,6.149049107678385,1.1267480545356632,0.3651103148822426,2.601662692260221,0.5847686176984745,0.40622903772849706,-0.9323556261740942,-1.3198826942227286
2023-06-08,-6.485881535184301,1.8855068950054208,-3.481227211313007,6.1719797672190655,1.0541615515473264,0.005904921548192332,2.9653323853339626,0.6803936287358358,0.3408084113743103,-0.9049199866210869,-1.3450676688788499
2023-06-09,-6.223413111603664,2.09497724294315,-3.4280807049454336,6.456391128587811,1.1537296756228543,-0.12394895731568328,2.737018570758408,0.5172439502331782,0.4802538286534223,-0.7415317955036478,-1.7822839659061651
2023-06-12,-5.597994356937846,2.1762531888029653,-3.4105104584634196,6.621849888165313,1.4270189065212735,-0.4065628536099978,2.4939748301447207,0.5188951914594842,0.6875854594551098,-0.6477385887670521,-1.6149276613806152
2023-06-13,-5.134521309346859,2.2988022975717604,-3.4995086750508277,6.75463883773396,1.469137651836175,-0.5336161942397118,2.705125626816696,0.4366578051843786,0.8861137315463246,-0.7435644879637802,-1.6062403516872632
2023-06-14,-5.886800194387833,2.105092293207061,-3.6162282099856213,6.276514941905919,1.2230612013683704,-0.4703105056629973,2.722171319149195,0.6515678700763113,0.9322623937660574,-0.4561610073222082,-1.6228271831590915
2023-06-15,-6.118105368993588,2.2914230564945086,-3.6362633580005985,6.23626254695373,1.0396664374234403,-0.43479329547364315,2.5937789001104496,0.769096968301001,0.8088309490021981,-0.21239239520858416,-1.708616892207935
2023-06-16,-6.406936105204476,2.3974763183747205,-3.6845649378895464,6.216048054745215,1.0249278663683294,-0.3876280920194601,2.3755368330348703,0.8532619776196749,0.9393016853031947,-0.3926181817604071,-1.7227665751719183
2023-06-19,-7.109141465882461,2.5341626417726397,-3.6219520789879347,6.121931782758731,0.9590175407263337,-0.35845370018032374,2.298977481047138,0.7507812770502783,0.6322652055476932,-0.2752743369230649,-1.8333632477159958
2023-06-20,-6.252337035095527,2.973603968972216,-3.5337774277506613,6.518112103930792,1.1968750524669307,-0.19203497249982426,2.196995222032259,0.6876064221330899,0.7953927177737619,-0.4097492965189364,-1.7594510461534336
2023-06-21,-5.556906498034103,3.3762124927427046,-3.706850741154069,6.872564952813566,1.254299540442316,-0.08451846668624191,2.0192636482041135,0.8118440588724176,1.0378767417405803,-0.3329951621839563,-1.609931159722094
2023-06-22,-5.180276992394705,3.3512658906983823,-3.665654801567072,6.950527884550629,1.224595587930406,-0.08798936747939484,1.96846928767256,0.7426653033795635,1.0022039344540952,-0.1663793276637116,-1.8244631931423843
2023-06-23,-5.03004793854115,3.5181125104645776,-3.6429627178430066,6.803356531399187,1.3368465778226195,-0.47989325951564415,1.9088865937927992,0.7413961598061148,1.0738798477751164,0.10190485277765601,-1.481843091365637
2023-06-26,-5.313115552237345,3.706272136209723,-3.4197234645903167,6.546110266174228,1.3195653431499572,-0.43249491688438557,1.6802429975431319,0.7726510977049119,1.0152596689447053,0.33675280002347674,-1.3341392115428106
2023-06-27,-5.1203654852633935,3.988482735531324,-3.514625911611393,6.634518895268325,1.2520064845982508,-0.3494092492005448,1.5020212026223776,0.5907839204968441,0.5714042595158734,0.48505872799345634,-1.385233829155771
2023-06-28,-5.0903991183880315,3.873142556055668,-3.463428069479805,6.464313705110127,1.146581055695211,-0.29619662859056667,1.6163511848440246,0.6031976992864205,0.6208659720138243,0.6539642774606993,-1.6325879230581302
2023-06-29,-6.034225724391986,3.5780440421177073,-3.5049460741238474,6.162197665466133,1.0726748927675747,-0.3904619540336866,1.7940219720628487,0.5102934860318404,0.4878195957659035,0.7542736354571594,-1.3591298466329118
2023-06-30,-6.210472959138093,3.54965754831119,-3.4095930171183544,6.048041222071456,0.9905179266613416,-0.24551204729624312,1.5009332156925996,0.2608014913477107,0.5067110427369288,0.6761835186183462,-1.6224334433723275
2023-07-03,-5.898113502723693,3.8621149269420982,-3.2949861258807367,6.0221365869033585,1.122711036039274,-0.3740004280984311,1.5409911433343657,0.5996694522496864,0.574733807135672,0.8439634530629606,-1.4599890043536723
2023-07-04,-5.229589694619348,4.082187406342619,-3.4157230902381404,6.091538285826747,1.3256040670958402,-0.38550416902087914,1.3838522720046806,0.6140901568272696,0.8387513424363282,0.8018003695444204,-1.6165099789702968
2023-07-05,-5.150664358335812,4.108013033883152,-3.3479436873362927,6.158301925054276,1.0779514240212147,-0.2643907068207093,1.4038501848159937,0.6203003763948942,0.8304171561310236,0.7852768880113367,-1.874761267379105
2023-07-06,-5.778906264121353,3.993640888074434,-3.2256461070671314,5.975091599708132,0.9791767991744407,-0.5528858628467145,1.529850190201988,0.47544619640866015,0.5767014802507037,1.0019862040717387,-1.7901234233215981
2023-07-07,-5.312814764281905,4.496787938857978,-3.117337843759711,6.101942076312625,1.15553413219975,-0.5973147926541934,1.4682183759922824,0.51103678910918,0.6154922173784876,1.1935372311684578,-1.615392370990842
2023-07-10,-4.475966068363229,4.740452549085038,-2.986651869845996,6.114613747377213,1.4542443765916457,-0.47742830905548583,1.082100702227732,0.32906544743080723,0.6461555965204008,1.2094794689651702,-1.7001540792198948
2023-07-11,-4.328740892910183,4.763406821996416,-2.9121527646357475,6.059206154703467,1.4789401510569142,-0.4528977943781081,0.6926203170813456,0.10442680439746814,0.7934697884262654,1.2932075057716526,-1.6051949041436864
2023-07-12,-4.201804485799733,4.9126558279098065,-2.9841874189070854,6.093210344838891,1.60058070193767,-0.6266774164378099,0.5649885605773096,0.17404329558128417,0.7441399743749111,1.3204169814495696,-1.4483571007841207
2023-07-13,-3.453203775167136,5.154373635565635,-2.7873861346217312,6.135345728263459,1.9065861721630564,-0.33552684338249616,0.05829334877407502,-0.10233341993720388,0.9603240754011722,1.3061569133850701,-1.6283171551202038
2023-07-14,-3.1479277488197015,5.2982751280688145,-2.630189637189845,6.067277876883341,2.0467928744369313,-0.22186616803105152,-0.06991220621617128,-0.1635123881244781,1.1622395528460068,1.0484823591358947,-1.5908752896959413
2023-07-17,-2.7266716303939846,5.220307694726534,-2.4840116481620127,6.13140844318232,1.9689806237160634,-0.3504189623029229,-0.0675709763093271,-0.18676121516921865,1.402230865851648,1.088910322012,-1.5742076047383742
2023-07-18,-2.765985007448262,5.345957435414453,-2.6120110781539205,6.2786384746548904,2.0077555302235934,-0.4363064595600664,-0.24170305960472202,-0.17342903952968558,1.4220965566546035,1.1073071746094423,-1.5877902758399183
2023-07-19,-2.979067969437354,5.631594732010628,-2.7611233668536936,6.280696302464184,2.136792776157189,-0.46413564894370307,-0.31759972665803027,-0.05074974624942116,1.2024417005685615,1.1268833125464475,-1.6199450648983198
2023-07-20,-2.5695064666687726,5.724640932338703,-2.56516586000825,6.171580411612352,2.1099476488926436,-0.7133161962728404,-0.3094500586224609,-0.07941221729921577,1.5033890817863251,1.096991338876811,-1.4263030724579384
2023-07-21,-2.035053430760051,5.928251546094524,-2.478221891809349,6.265386005562191,2.308978362158749,-0.5535759014679087,-0.4898522754408984,-0.4019044100150394,1.448924463467109,1.0791238196322703,-1.3570847000210984
2023-07-24,-1.3563535569321725,5.9293265822796855,-2.423066392223502,6.390042375834405,2.2887870346880126,-0.4887377617343055,-0.5128868595145663,-0.5918137055823647,1.5113056938461962,0.9451843607625141,-1.1625770580617794
2023-07-25,-1.5151136783066599,5.723144357771631,-2.3318850378991725,6.221754784926942,2.168927362339507,-0.5536538253216696,-0.6678242468956559,-0.6088768069466868,1.6910164997652468,1.1966273783438852,-1.1706530575624057
2023-07-26,-1.5343457872941286,5.981767947339476,-2.2212378466712432,6.159670413864827,2.2488850597217427,-0.5836457575827051,-0.6360903074415144,-0.5103867689595538,1.6399886165965591,1.2793839832887384,-1.108029362981871
2023-07-27,-1.5846625902413032,5.950499884180029,-2.10689928357888,6.006280851392032,2.2018762681274238,-0.6913154050101756,-0.8402196024325823,-0.7524831657375537,1.8627030099022417,0.9020521245217101,-0.8442766124280752
2023-07-28,-1.011221687946581,6.034944890096424,-2.055248476947865,6.056840177537929,2.3674035493361263,-0.7250106003473504,-1.0433779615754244,-0.941941063219235,1.8426692156023143,0.859272762881438,-0.7799705343972869
2023-07-31,-0.632752744003783,5.926496085314866,-2.0485577675233895,5.923565332684707,2.1857043032826065,-0.859385800260988,-1.3391655027044078,-1.0863121022704931,2.0937844957277805,1.1079104005143914,-0.6251222069492979
2023-08-01,-1.315684890448909,5.929689194204603,-2.08770457049871,5.4837078604737135,1.9500187343367261,-0.7238634442427136,-1.1902495268179192,-0.9901439449176143,1.9991383044717972,1.0762513066374075,-0.5432067116550432
2023-08-02,-0.8477388781992345,6.055236550756305,-2.1454390316090346,5.533709300272912,1.9775487393046818,-0.7965196639502916,-1.2165542343201963,-1.0774822899182877,2.113000414064484,1.0628141936471296,-0.44591325887963473
2023-08-03,-1.079095548061569,6.060673433269175,-1.9941768018358959,5.276723815751724,1.8574602527854749,-0.8748592305502203,-1.2888898336754608,-1.036865333962987,1.9895031628674484,0.9158560507683132,-0.39190610430142225
2023-08-04,-0.2897523626285491,6.313307116042438,-2.066064899999674,5.187022304469209,1.9249203420060104,-1.1022968717314159,-1.2449625430031905,-1.2177964780028072,1.9914063168334242,0.6992086428443589,-0.21538033842281157
2023-08-07,0.3836176600349292,6.618775917658256,-2.1831673879338798,5.191466536275269,1.8650781539999057,-1.035852180547109,-1.6446328568715591,-1.5914246762907447,2.07404953888876,0.9578313144449146,0.01311242458115125
2023-08-08,0.6449884404685688,6.486865000885734,-2.1996530737919455,5.361003493151505,1.9797304870555998,-0.9447647298134116,-1.6940342605031005,-1.683372723202888,1.8181124958381218,1.0394174178738353,-0.11989572513348845
2023-08-09,0.8932118898076447,6.363979114015287,-2.2553062137399666,5.363024562493216,1.7615330449895164,-1.2641674103427387,-1.455799953495598,-1.610085714701766,1.813984872095015,0.6749211075771024,-0.19716964109018842
2023-08-10,0.2723996352459787,6.0013628385730104,-2.013449930526262,5.017035638608253,1.6272718912972306,-1.6551645833226951,-1.077018474041598,-1.5445203503642555,1.6921416244581953,0.5731544468267834,0.11075402524420108
2023-08-11,0.2504915898014041,6.154702196344967,-2.1961584543763726,5.007375759946073,1.5580404338984586,-1.8171502995610622,-1.2915128156888946,-1.912389218234789,1.810945203791308,0.6568288839657516,0.1913652413321929
2023-08-14,0.9040464518913454,6.492454078172845,-2.213774194073146,4.904100255734452,1.5441349588177995,-2.0878605992626795,-1.343935515161442,-1.922782040666263,1.9303037180851605,0.36489095914906655,0.41783164872078105
2023-08-15,1.084131778106766,6.624250379308432,-2.106740327840216,4.9158173353798915,1.4630323580197793,-2.2137725580245453,-1.4685657072235334,-1.7663080804943054,1.8666568306273605,0.2522102997784032,0.4404172612820572
2023-08-16,1.0562231153217188,6.745317984615433,-2.184493200596305,4.703812105645057,1.419546982371597,-2.2536020916963073,-1.6789821782515695,-1.9524460001474206,1.9409392791295441,0.2544342453067333,0.581092908325443
2023-08-17,0.3667371929922687,6.848542755100304,-2.0612286908179387,4.247573924401455,1.3379393673594124,-2.592864413843598,-1.5977866946088097,-2.0260284399434916,1.7776394155304007,0.16624981747965228,0.8114300844231771
2023-08-18,-3.311852008982563,5.769199560853904,-1.6977462237598395,3.3332495460245717,0.8200644183148555,-3.4805959404133997,-0.6636657625693695,-1.595640117586887,1.5131706013172863,0.07143672107989074,0.8445531554791539
2023-08-21,-3.897983352829259,5.939834526222535,-1.7477717531470032,2.814814096319263,0.4942393009538024,-3.1142160844618587,-1.2337183874142768,-1.5785440384383782,1.3806516407524736,0.41746673324460465,0.6452856474639437
2023-08-22,-3.542041661193164,6.219660432460207,-1.6771115671627583,2.822224682461273,0.821610976836086,-3.191161538980462,-1.4751049440067123,-1.6690432269343582,1.5129942705324049,0.5652140410274027,0.7215504900124807
2023-08-23,-3.7093887545967217,6.242315041713024,-1.6776889415050773,2.7205662382702998,1.108854459369783,-3.5992879451482396,-1.4952044508291014,-1.448657921950145,1.3511924440469694,0.47130397034223936,0.832645009448878
2023-08-24,-2.525790467782797,6.665397521311457,-1.6055764288819734,2.96626869121323,1.4019334050601822,-3.4388091472395157,-1.7345416023502118,-1.8082517368454047,1.3202582763144322,0.2515822451085284,0.8962266537216814
2023-08-25,-2.5672442434173033,6.806829726900164,-1.2666788421319906,3.0186943511310207,1.4983356229619254,-3.620129737038254,-1.7379867367885597,-1.6485227156177,1.4401780846023837,0.37089139102316776,0.7763293063385286
2023-08-28,-1.8576269896580968,6.9207578060069475,-1.1627615774477873,3.0023783336337275,1.7810875684163123,-3.506541009152452,-2.3884646649736943,-1.7616246941251135,1.3836800789249732,0.5091656644213391,0.9242085235049029
2023-08-29,-1.5906768538625902,7.111349526680167,-1.2063559719950736,2.8320616470837363,1.8907661153504383,-3.3352123189521734,-2.4722952487029044,-1.6958820333460076,1.334964719088744,0.42673782660849446,0.9066428513803055
2023-08-30,-1.1361722635755855,7.553837457013043,-1.170892739362255,2.799216565561872,2.0179623420777157,-3.3088224370268495,-2.674283439908222,-1.7460932210664095,1.4136889150151641,0.5058827388056393,0.9827042792848255
2023-08-31,-0.49016847683759646,8.121586889294187,-0.9847549246365991,3.1915062506006873,1.9277957320962749,-3.04602894410039,-3.0234961969423253,-1.917810777552328,1.1146298471963414,0.5956555303720888,0.7726000020090242
2023-09-05,0.3192119740410685,8.366528300189897,-1.1738021591135224,3.282822964202535,1.6920187350405456,-3.011052633479133,-3.279283422046607,-1.9218664668197902,1.2551380645524624,0.7536174647899575,0.903939950451386
2023-09-06,1.0059586266882032,8.851885191374222,-1.101930830680172,3.39257002905853,1.8826359605737772,-3.26132704765848,-3.304147666754323,-2.006913261129851,1.2910455078235048,0.8668444659425786,0.9774699805883516
2023-09-07,1.225055344591351,8.965940631103269,-0.8776621746283868,3.3008677316571093,2.0459643309678284,-3.250995046239118,-3.375757691491695,-2.039658831210426,1.4390048613145634,0.9197661410576199,1.1461261301480161
2023-09-08,1.5941738493889306,9.093877297718356,-0.584248221894835,3.456239404912398,2.096050927690984,-3.200557903941408,-3.714093978478182,-1.6506691226524934,1.2746365963401571,0.8883480388903471,1.0512423236694002
2023-09-11,0.3876802820346091,8.756221038789008,-0.409455502152809,3.122754039997085,1.5880403069170064,-3.2275189309005654,-3.6067829005922842,-1.652551417883893,0.7141912217581623,1.1735921014759443,1.4020894862132167
2023-09-12,1.4609079081356002,9.407716860506724,-0.518296919138972,3.14720352272696,1.889790384800941,-3.40800012021646,-3.8891604049727215,-1.8665536222058305,0.8381769166695803,1.140281391709236,1.539810136746403
2023-09-13,1.2646138937401359,9.460704534260259,-0.40026053343530793,3.1226647668248324,1.7534721169980108,-3.585570498137412,-3.69026142754434,-1.7734266409114785,0.7218047298299879,1.48788729110929,1.7745215879564933
2023-09-14,0.34598167947978575,9.256183293314466,-0.48436848975351915,2.8367798675235285,1.3846556463373825,-3.437461466713809,-3.5279797696452837,-1.7441749599967136,0.4450232596985976,1.538434180505348,1.8765717884547586
2023-09-15,0.40732277701185793,9.495532830040489,-0.2950940296082233,2.820963742942352,1.4830027290732988,-3.550008020382844,-3.4830703057885746,-1.5688893612873585,0.09576719092946961,1.7117119575277302,1.9482449780827373
2023-09-18,-0.16477973667310064,9.277728814372635,-0.21626421933703344,2.75056256869381,1.364340166876651,-3.3836413998843313,-3.326796877460607,-1.4745071099397862,-0.14666608734891995,1.4718328926959112,1.6044397196469546
2023-09-19,-0.23104426581670853,9.524488709089358,0.018501085585027832,2.526600031787934,1.1486075321949305,-3.3420202070676464,-3.6421073283498284,-1.2327594430455981,-0.17693825113529305,1.6053714700232828,1.4404153455295838
2023-09-20,1.0078538994219186,10.00819801773143,0.17122784962360715,2.642983862199335,1.1186070304749127,-3.2238573934081205,-3.8939151633016187,-1.2242043012601336,-0.11021032309201029,1.3988049432957594,1.3988758480111838
2023-09-21,0.6963289655172801,9.695786503711808,0.12719260986590664,2.634407314413182,1.1743538601472592,-3.2685431436149592,-3.800888143232298,-1.0835091657226135,-0.17688223820715232,1.2203375023361378,1.2920609308680704
2023-09-22,-1.164650810352847,9.02248922792964,0.4430396227611471,2.261277695618149,0.7706886082008189,-3.519339639069554,-3.247815901401835,-0.6965885789785515,-0.32908655382025986,1.4117755651495718,1.4699135354143544
2023-09-25,-4.088030586513133,7.830226020496913,0.5229910857027755,1.4383019622787534,0.44607496311336237,-3.7125642216915296,-2.441449866500718,-0.6401277012835096,-0.6483883649699724,1.3380670241626094,1.456358182213004
2023-09-26,-4.996992632912965,7.526831983583916,0.6060552681578917,1.118677699113278,0.1325043567846793,-3.60825459354544,-2.0605390487172266,-0.4282664491118168,-0.9617617448513642,1.2480129398516293,1.2363877044953866
2023-09-27,-4.011579635421969,8.385425555192791,0.834924158824291,1.2448658271516926,0.2951453552772289,-3.7829917625959015,-2.5098815115175785,-0.5356228390205482,-1.276637133998897,1.3273651592422016,1.2597167597388386
2023-09-28,-4.231946400537594,8.61751131570525,0.9742453343723384,1.1432534655469624,0.12076862161747297,-3.6918677573329677,-2.875936685876335,-0.0810348112976752,-1.741781525680795,1.1591115378757992,1.2373838623584084
2023-09-29,-4.058860151763485,8.662101932674991,1.0538001244900799,1.1885593146317817,0.058272795372626446,-3.4152573008359854,-2.70682048887974,-0.07423402565438775,-1.7421228307951542,0.9750163214482972,1.2574266497445319
2023-10-02,-3.5795204497637663,8.742317289884916,0.9931238713243907,1.3111334678610915,0.1761502550925434,-3.466932122899036,-2.807190003988477,-0.0026847432629804047,-1.744094289729801,0.9603799344033414,1.2784630265745036
2023-10-03,-5.80321897186411,7.901447297876265,1.0381859772525892,0.7637076102430121,0.005036080150048944,-3.764362535638904,-2.250802058424872,0.4728046465361852,-1.820640554240875,0.9519832087997919,1.0490970591290556
2023-10-04,-5.152603291820871,8.462137100146755,1.2237623527455208,0.7972690062033331,-0.013153492039022108,-3.5011335589720853,-2.6974569811947777,0.37805832776285603,-2.040857410496919,0.6656676380546565,0.9837708823838591
2023-10-05,-5.674926659967747,8.369454618043285,1.4225260037635334,0.8493131667994729,-0.05893408620258392,-3.6165834676182573,-2.296036755042121,0.92706681137841,-1.921809751349022,0.5447116432602866,0.844510230436981
2023-10-06,-5.033325542486935,8.833270673319678,1.345212799076044,0.7357134778835637,-0.15913678159500927,-3.177836259651601,-2.402061198825093,0.6001838777170101,-1.9884971297130223,0.7065620999741019,0.9752491449687194
2023-10-09,-4.470220457827961,9.308428108410283,1.5892702524073625,0.7710659147404528,-0.10027390161079824,-3.2122647638435446,-2.7171116792736942,0.28653818138111026,-2.378268907572169,0.6905295548843233,0.804155023446306
2023-10-10,-4.125602300198734,9.484028000757208,1.6342472960826948,1.0053849418544947,-0.14123494599908337,-3.168805520177771,-2.57093638182483,0.35320837737056665,-2.2101213638119717,0.7970605172209939,0.9421091748354081
2023-10-11,-3.5937976771697624,10.055900452931592,1.7030144999794363,0.8689451899060361,-0.10281541749312159,-3.2292893654778285,-2.791252081993574,0.3442728477420995,-2.3267157303459425,0.7040412713431836,1.0382962894873917
2023-10-12,-3.4687344481085196,10.108397622671742,1.7401951423446413,0.8773995421078233,-0.034478597745902284,-3.21839785935105,-2.6670597265094016,0.3883462444978536,-2.281901032622748,0.76182897303317,1.1391464365150639
2023-10-13,-3.3819293082941693,10.281409868962122,1.9480282917728053,0.6404599035155287,-0.103010569495283,-3.1301161494539786,-2.859647270743602,0.47002054803698384,-2.541208041976918,0.494655902204017,1.0443719451386109
2023-10-16,-4.153179364960974,10.144300308197554,1.9595983448770713,0.2273326918282748,-0.1940997021255778,-3.2720572358783757,-2.8978549846374366,0.8868962434399884,-2.7458416504590195,0.605333897078411,1.2176967283259508
2023-10-17,-5.428547360702005,9.293475124885685,1.5782149994122563,0.17005113184215687,-0.32477914829567556,-3.414601567367804,-2.048754213249147,0.5488923660515703,-2.576849669746434,0.549446347233423,1.1483541353172284
2023-10-18,-7.06431538924586,8.809198160264119,1.7464766668743819,-0.40974658313694784,-0.5718557498024811,-3.8102460694180644,-1.4582630055304968,0.6864178349406339,-2.702551150739195,0.4817184156816091,1.0218308299921866
2023-10-19,-7.886426942007156,8.271778749966781,1.7524331854634796,-0.7481754375884264,-0.4938717891115302,-3.6515964659220477,-1.057496713945391,0.8013873793742927,-2.456375585355335,0.2457395332191168,0.7377446529336261
2023-10-20,-6.774486360134585,8.870782845852336,1.7432770172525465,-0.5519370452661851,-0.3008719900648863,-3.4970579031056754,-1.480938528381112,0.4283877712871825,-2.572868002058379,-0.037418963537278416,0.7910015068063694
2023-10-23,-7.4124144376649195,8.636568177079418,1.80297796460353,-0.7533572578304809,-0.49832278536837105,-3.3235096355228313,-0.7646247170979246,0.2735399486679301,-2.5179357259838353,-0.5006333584021887,0.5789989227069842
2023-10-24,-7.046537488811179,8.838669039105763,1.8016956106719233,-0.760464966994908,-0.3316982862746007,-3.2826125050652375,-0.6427524553879823,0.23956854991204146,-2.346911907054078,-0.33536398122007743,0.6846682451471603
2023-10-25,-7.092136604675336,8.76886337222725,1.675316080002314,-0.7357515814998024,-0.3972994096845618,-3.201604485780651,-0.4952586435962043,0.1808670610039756,-2.274627155103477,-0.7454089633780133,0.6340180433506353
2023-10-26,-10.118796921091228,7.622905154693367,1.8858072171182065,-1.6042195284598422,-0.87092590871939,-3.749944276765939,0.9420522613618816,0.21234602944294528,-2.2218651369507585,-1.02215326554139,0.5408308555376165
2023-10-27,-9.592705363164095,8.159244953390491,2.0238929154892564,-1.7869473986349353,-0.8609452440022393,-3.4846685256052536,0.9286166150212519,0.007204631062857458,-2.3532106489265248,-1.2951064383309514,0.33339879930788285
2023-10-30,-10.672696748241467,7.256983682464879,1.7780740944603894,-1.8482679562561433,-1.144533207618681,-3.4898354640157048,1.346531533923041,0.3032808298597207,-2.130900846686889,-1.3558386942054879,0.2563410300223554
2023-10-31,-12.190557872580232,6.770265112805608,1.8347514735265302,-2.3505299331937155,-1.488560333609017,-3.773249142204015,2.123987345516883,-0.12683706121576604,-2.103288121534389,-1.461194149937828,0.5387694298709742
2023-11-01,-11.525438910706391,7.417573984647353,1.973057262818465,-2.6749563254667574,-1.4061794554834797,-3.703841861852558,1.765363773211391,-0.11847418020490966,-2.250709625793622,-1.5553236523549172,0.7107529149191302
2023-11-02,-9.238073698373801,8.420016989116041,1.9828467621311634,-2.268164384534465,-1.0525513967308517,-3.2896901234448803,0.9188398049434806,-0.12524825402738204,-2.2228868720766735,-1.5470260928729977,0.8405310569788756
2023-11-03,-9.275136682980946,8.595434013915117,2.038494014730322,-2.20024455012556,-1.1354492840909887,-3.3018135214963555,1.0564885902201824,-0.20052624186787094,-2.281489723824258,-1.6612828458313,0.962180873093788
2023-11-06,-9.007385317082882,8.853532198167178,2.0975671737625285,-2.261337094882949,-1.1271040033714852,-2.8744332672680617,0.775382737802384,-0.330434410800439,-2.042425194584314,-1.4327348436656866,0.9676847721662368
2023-11-07,-9.250922304891509,8.833565549864726,2.1145519616362787,-2.342622909892618,-1.3863977754983894,-3.1299113314311064,0.6557635050182868,-0.11476841233123,-2.0128541379801566,-1.4771024051145563,0.6885876445069922
2023-11-08,-7.324275014297701,9.714951258976667,2.2281049205540038,-2.1001785242061395,-1.3056544530821634,-2.7805578463391,0.07392731974695765,-0.23745522515474568,-1.9893208868632606,-1.3954051867920276,0.7187886580840218
2023-11-09,-6.934624141343593,9.835686908676863,2.4405081988266155,-1.9415893463049532,-0.9570943330945042,-2.750011438056264,0.2801471025869062,-0.29541978890146425,-1.7353653089500398,-1.4483026517661048,0.6672350626362783
2023-11-10,-7.3249690334779025,9.838744346171449,2.5322453221847896,-1.8581918378844016,-0.8370317592451739,-2.584856783643393,0.6008143820275488,-0.1605953238976448,-1.6867928224911128,-1.4172118952485797,0.5221234033707265
2023-11-13,-7.430294408219904,9.97936092658697,2.6715531523745586,-1.7418740940806172,-0.9897584812181903,-2.4064064121590767,0.5339352221831957,0.022970497672860725,-1.5956854732658812,-1.6125554182014845,0.428749050649469
2023-11-14,-6.9380016258751835,10.184040913923326,2.6847986479595933,-2.051343811481497,-1.1328723809596863,-2.206605070930911,0.21945401406952042,0.2133669487015193,-1.5176660934351958,-1.5463839367126715,0.5013419073854911
2023-11-15,-6.547153818548103,10.389482095912292,2.4539841557558826,-1.9520025539196673,-0.8628085972653341,-2.238697816135131,-0.0021328161504031717,0.03437642209468489,-1.6184342150896311,-1.3003333084891464,0.543314460052255
2023-11-16,-6.256814046290133,10.680403119378518,2.6313073887135094,-1.889580823101467,-0.8105752239537277,-2.176073741819025,-0.10552294914373161,0.046654163104348806,-1.5022981861745544,-1.5335050064180646,0.4555695013783634
2023-11-17,-6.8353391495663764,10.306877547781902,2.831835514131664,-1.7804293273356993,-0.7348987176820387,-2.3740683955987816,0.33584483820665195,0.07329760656477245,-1.3683438664419056,-1.87529243177308,0.2210896645669289
2023-11-20,-6.8376036950258,10.578548251719038,3.063981058678997,-1.9061932106279584,-0.8058683427959481,-2.119982019564195,0.6116383278696698,-0.05255607985159663,-1.3908441997111933,-1.8239237834943611,0.1965810047304617
2023-11-21,-6.469846060745171,11.0477985218647,3.2335422631415356,-1.861751017223186,-0.7739150340049361,-2.132030370295691,0.24888858634372601,-0.09675406200505735,-1.4937584104292645,-1.8851496017874043,0.36327353538181884
2023-11-22,-5.9875185142657505,11.3293200727982,3.262787020306878,-1.8157136378000862,-0.6312570952580723,-2.135357651815749,0.17442560462318613,0.06321103118460907,-1.5173501353987222,-1.9965544023644277,0.2825594557117507
2023-11-23,-7.190861429848535,10.428528791188963,3.2430541127076093,-1.8305889052167996,-0.7242984261052683,-2.080422708193295,0.6356321756579093,0.2548180636344643,-1.4996648553962952,-2.054845417699032,-0.009864554991753094
2023-11-24,-7.188581659465326,10.64906440586017,3.368951747506782,-2.1411750226193274,-0.7679953694907165,-2.011345820802947,0.6765959361584797,0.049208813840163165,-1.5074164307857325,-2.0570537225498366,0.1794158296821835
2023-11-27,-7.731167942226987,10.429132388482714,3.4058766451755993,-2.228425567172187,-0.7291092173654332,-1.9923219206278673,0.9232846497654934,0.08670526702547113,-1.6027917618768872,-1.9726982264413382,0.1609752850631847
2023-11-28,-7.528961112079957,10.70388334913164,3.4135494153259875,-2.228533872906102,-0.823996875316748,-2.003106682744556,0.8942075884830114,-0.10774803042294544,-1.689108693945775,-2.0494129519899684,0.20014185286101638
2023-11-29,-6.95351606856296,11.027367200632442,3.5643430190587746,-2.23229051912177,-0.9672736882604462,-1.79900537268872,0.6447331311268358,-0.004139121232935708,-1.7388903871907038,-2.111994029137927,0.23051029597964745
2023-11-30,-7.158124522051449,11.315969109985746,3.64748313248112,-2.323700269105992,-0.9715679778161599,-1.9275363079780035,0.8431456099828764,0.348747963864118,-1.6019316490771185,-2.2777230886324027,0.13917727983106487
2023-12-01,-6.906339847804641,11.476991359275509,3.7837564803156356,-2.467372381308211,-0.7563524136160478,-1.6932092340213587,0.751369376835943,0.13106695036747779,-1.7643111326182388,-2.0137336617355053,0.15904058226109785
2023-12-04,-5.640541468274844,12.046197781817018,3.6259988430065544,-2.2096799501358513,-0.36462044891677614,-1.5721570244794443,0.5714395484324626,-0.01687498537594484,-1.5841359259727372,-2.0125697268874143,0.032695279377164876
2023-12-05,-5.738866820717355,12.07629497287537,3.6068607051704467,-2.1421434853431363,-0.26444863725634377,-1.4013800954849538,0.7717166577579084,0.12755988518955608,-1.501718599858797,-1.9912236258624505,0.12307364224533746
2023-12-06,-4.975157819260765,12.191440525726463,3.481080442083746,-2.098341866132122,-0.1386222562106622,-1.2942193716142156,0.5455260653977828,-0.0338522334521011,-1.3301474450554982,-2.0974872360553394,0.23660964442818577
2023-12-07,-5.342863401198459,11.927996250110107,3.4310201370554765,-2.016857140428494,-0.17334404413655485,-1.3008653443694898,0.867906874893144,0.11585941730945962,-1.2220275719049167,-2.2526866999859863,0.19745430952184873
2023-12-08,-5.501321565703421,11.894381030453193,3.3953930319164805,-1.9543299088216606,-0.08455760264951967,-1.1799397914754572,0.7511301820160639,0.14240793473775656,-1.1859455704856525,-2.0086975713699435,0.18383901250346912
2023-12-11,-5.447708958644063,11.84028271849968,3.4254340120104114,-2.257654872748381,-0.003843426978846924,-1.093078856041655,0.6696025942482714,0.16226936312712026,-1.0625325154606988,-1.971921809550622,0.315935085428631
2023-12-12,-5.40298408981419,11.79795759769195,3.4658368392832855,-2.1250892302270312,-0.2969460517638137,-1.027905103911666,0.7475314954419154,0.011111864376428294,-1.2129250890532095,-1.9685607150026607,0.10997261412658255
2023-12-13,-6.1278479887023405,11.419123381102011,3.4406225082093234,-2.2882349508571873,-0.3423442860172877,-0.8600331433346483,1.0703698396242372,-0.2352989628539611,-1.2716836748400555,-2.3012354552829173,-0.05091218526985497
2023-12-14,-6.269947103639167,11.540040360460463,3.2760893912148132,-2.1890031097408533,-0.15071104017400835,-0.8521349176347413,1.3066266240269693,-0.3679212143856312,-1.217126708874489,-2.3363991874012164,-0.11290416170956008
2023-12-15,-6.400575648417663,11.535049274707331,3.3427287997177286,-2.2556135358372216,-0.08956085060749311,-0.586738928191448,1.4711567620013735,-0.6170761838093698,-1.2063033762179989,-2.5205587698083454,-0.3823752804643227
2023-12-18,-6.903283413473687,11.17130397554924,3.633445685759135,-2.5877716478297073,-0.5210130549383792,-0.9800997993621506,1.6266953027323532,-0.005006603849518714,-0.9842039134577636,-2.5111930650159175,-0.21228767709903007
2023-12-19,-6.637511575417588,11.365467419891829,3.621987575734574,-2.7182405762597366,-0.5277137351056674,-0.7250512859311216,1.596997182980711,0.11726651205916057,-0.8730675904518623,-2.5041867671156712,-0.16209911706585978
2023-12-20,-6.273093945383381,11.613172424201277,3.6369663437616073,-2.7379354537588676,-0.45657446262858825,-0.600700117035302,1.3584737691051594,0.09364890228014079,-1.072385757663669,-2.3075312838779336,-0.11093361356015952
2023-12-21,-6.147340528724525,11.603932448380942,3.862693218076789,-2.7481445473940216,-0.4379236475359155,-0.28237770811011004,1.1769337949424554,-0.06991841279477622,-0.9942058650114765,-2.3077144749575416,-0.23914451468465292
2023-12-22,-6.1537274057024085,11.901442756374887,4.089484806256031,-2.8476892178715505,-0.4626939144541045,0.0036236542609504596,1.5095227260281776,0.3125755694522448,-0.6675497617081547,-2.1387263499037013,-0.29706008971618714
2023-12-25,-5.584608788975494,12.236871049063275,4.1720491727519144,-2.909510180701557,-0.6283124198553875,0.36197829636824497,1.0389007519298166,0.30517638316654605,-0.5363350302790985,-2.0859394950535304,-0.2728097818369223
2023-12-26,-5.550843392714787,12.302707826257851,4.213012109793184,-2.972529550066806,-0.7504113499798195,0.5081045820860459,1.0392544461502566,0.17017123146729624,-0.2571668103210878,-2.0708464508925584,-0.19894193589585862
2023-12-27,-5.4434206786958,12.38749650152021,4.172594854256528,-2.981953628439109,-0.825490728583137,0.4547857096321172,1.0928074054807715,0.022053960571004443,-0.24044396889047193,-2.028862593383426,-0.3844305623117771
2023-12-28,-5.1005764792701775,12.440787171674174,4.1285979184792545,-3.0254574183165177,-0.8402826608186835,0.821364555303844,1.125584517074656,0.03930855650082858,-0.16161901497068965,-1.9879777695271703,-0.3537326217193958
2023-12-29,-4.79735866982713,12.575136825058221,4.183930236117335,-2.87234770867713,-0.8654688267878394,1.2393217521542983,0.9914994499996543,0.20984122773661382,-0.1503966730942975,-2.035077596631222,-0.315813554558694
2024-01-02,-4.863800849450136,12.517690989409685,4.147406956625753,-2.7515511462934352,-0.8629918484378207,1.007876852449478,0.9572819462307556,0.33985331865050916,0.2834388371700318,-1.5522070213871597,-0.3569222502025482
2024-01-03,-4.162536827012199,12.939832999580151,4.107225780462446,-2.5282377734470822,-0.8677131841897188,0.9274480829889018,0.8457858646180306,0.347105850197922,0.3759896067854247,-1.2643564103989284,-0.2588374683172554
2024-01-04,-4.22914239580139,13.015256933858304,4.068708773919829,-2.54512899156063,-0.8466102274478167,1.013686878573329,0.9350586038198765,0.07079595920352973,0.28689588001813693,-1.1440147516536845,-0.09082340682699264
2024-01-05,-4.245702251373905,13.084963935034331,3.981340108163863,-2.4955480749075174,-0.8133164089631968,0.9918226466786756,0.8995891818482886,0.02817949813242976,0.388641308762558,-0.8045145460937898,-0.104642222347619
2024-01-08,-4.110367693388403,13.342007790517336,3.9378038618050013,-2.47981228279382,-0.7624879766969842,0.9856367270120736,1.1446436744575008,-0.013270328158024813,0.527406429061412,-0.5419676764513319,-0.1282491516971016
2024-01-09,-4.09265027342801,13.314940872583447,3.946017752032085,-2.63595158604548,-0.8723656323917296,1.350122037812439,1.215924958288439,-0.16928375580518534,0.642438155645745,-0.7143716422369744,-0.45977257283550715
2024-01-10,-4.315430686017541,13.333620597690105,3.8408205041232826,-2.6840105622489587,-0.9492542782753048,1.5859360207226334,1.1734279306491322,-0.10445925849042485,0.7850808723565171,-0.5227810678992868,-0.31460917475862493
2024-01-11,-4.171962867517376,13.36725610324141,3.7013843734660625,-2.6411557315593504,-0.9201301452412969,1.7708252394896702,1.047402676174877,-0.007238295844506026,0.9400718537019106,-0.7183018617493047,-0.27422494574430345
2024-01-12,-4.9375411960003435,13.153463318798345,3.662354345669451,-2.9507175095967693,-1.0541587995623694,1.6473013257838094,1.4811499650956685,0.0466551172001503,0.8356783742806018,-0.6069273266149248,-0.21959563152924166
2024-01-15,-5.19029582706906,13.247881192531612,3.7703249676670163,-3.1220123483600815,-0.8631323392515001,1.854414293061295,1.5717177799292066,0.22157090058090606,0.9468446831128808,-0.4627809210970255,-0.16329784766484368
2024-01-16,-4.733086076084426,13.416853463548335,3.902301855697523,-3.0388319266428736,-0.7324540100840107,2.168487682267018,1.3905111349301675,0.07367672043304403,1.1411680468516485,-0.3511552599972272,-0.175396147729725
2024-01-17,-4.7044232537475015,13.581821202798029,4.106352639286614,-3.0308486658214453,-0.664630127497096,2.3187811427676173,1.230741268983384,0.13590737505604109,1.2103617154860833,-0.23586872485264332,-0.40964514131800267
2024-01-18,-4.3291246680712065,14.123369626100061,4.059393593060445,-2.888589884174893,-0.21908921731089545,2.562112785798044,1.31042112541026,-0.01790581491516363,1.5111156937084154,-0.0314304370103253,-0.4049459729920265
2024-01-19,-4.169969835380311,13.967717565707137,4.0942141628440645,-3.3951194389343677,-0.542907523506734,2.8017807449795233,1.1616149708117143,-0.014110445370211996,1.6439426043205176,0.31770535434347597,-0.3818142275097077
2024-01-22,-4.039851858302437,14.165092765913538,4.184983772971297,-3.5165474378087933,-0.4721830273983268,2.9433921498288367,1.4050231139066982,0.027742983687573018,1.7453814469268216,0.3618697792782512,-0.48544648730401685
2024-01-23,-4.130621210379239,14.246020922116646,4.2568261752639085,-3.600941635256813,-0.5312189835612571,3.221237817085095,1.487847267489323,0.09655950463243546,1.5994231652473758,0.33096710245504246,-0.46678396595129135
2024-01-24,-4.218084188847432,14.120420693146489,4.233072870485052,-3.4700752967742217,-0.6160056178973543,2.998841840531914,1.6346656848157535,0.014179960053715551,1.5056314613460975,0.37248499330149004,-0.41902118984992753
2024-01-25,-4.1655160957655415,14.109128503009057,4.322649488441415,-3.6938448979188596,-0.6307492983452462,3.0616991259161015,1.7811988351698935,0.013462505348442622,1.5735015561397585,0.363240520282318,-0.364915345259194
2024-01-26,-3.9142507219105025,14.315642709073249,4.628341589296539,-3.8320547193693715,-0.6216985673253039,3.3311215378325514,1.898830106808366,0.10229775126341542,1.677353736845748,0.4901966116054145,-0.43020491877272604
2024-01-29,-3.7246041908503407,14.304727616029073,4.802309174776557,-4.016231118083697,-0.6048828614586956,3.548394062599043,1.56895155868323,0.2200084922774555,1.8471889691166765,0.7716094963316884,-0.5616221305030807
2024-01-30,-3.2646787568172537,14.731368437126235,4.934900891440114,-4.012222778859933,-0.6868389971308656,3.95950033052939,1.4221555687262843,0.23259220993444016,1.8559573043358508,1.0260301936080223,-0.47825059150188376
2024-01-31,-3.8851734315371553,14.386769420489781,4.939887508661348,-3.9963468533868705,-0.6083387639325636,3.791710813587441,1.4901602678704569,0.49752771624117764,1.9582796334540031,1.2871492953030816,-0.4982156713268072
2024-02-01,-3.3138005183237897,14.935392566796565,5.2188580119160095,-4.035359083577832,-0.37102330081341073,4.268608301675903,1.4100870019643195,0.3563404621729307,2.0326244291608373,1.6286473975871936,-0.6332620190059033
2024-02-02,-3.416546601707449,14.826402031385072,5.27736261741636,-4.196612561909484,-0.4659037932368212,4.407394460838143,1.3256074559160074,0.4342414533860283,2.2414405586632724,1.7660253244909496,-0.7849046029298403
2024-02-05,-3.1256681581832817,15.20917683364597,5.096010994716652,-4.456803322836574,-0.7052413865340077,4.581588424575289,1.3926482432507052,0.3651497105642309,2.201571145285238,2.257844487392804,-0.6532213046662689
2024-02-06,-2.976214029655576,15.33605256886916,5.196698526811229,-4.403152465440429,-0.7773459720726379,4.684682300389625,1.3396310527930775,0.3434179121171881,2.2567640211482733,2.344076601654617,-0.8617132948489008
2024-02-07,-2.4148956965246073,15.610910804249999,5.114662085883346,-4.418038522309705,-0.7760388258077642,4.883603707287703,1.1400499855846749,0.5419760643716875,2.4840450154173337,2.5158466672581774,-0.9685081028997435
2024-02-15,-1.995828457448407,15.736930577262074,5.097625760761911,-4.2904516208460795,-0.9157937758919173,5.012939331935648,1.0814853507905995,0.4397874474157567,2.687443780197531,2.4773934460012073,-0.9197284056812838
2024-02-16,-1.6389758876806582,15.61906560473171,5.055642148316235,-4.393811171105579,-0.6681420272727865,5.092604461769351,0.5929096595057178,0.38363762331416057,2.8291437420948418,2.67788537072594,-0.875020257973813
2024-02-19,-1.2202636930430897,15.518857557490378,4.967439166420973,-4.422244341831153,-0.4293000273277794,5.106545554266361,0.39576851682931113,0.26958540181470597,2.8648715162431118,3.0461422473931155,-0.8031423375366367
2024-02-20,-1.1124034003510925,15.645599506961581,4.9294868955976,-4.532419797114378,-0.21528295601220543,5.1781782472777795,0.12467224927489602,0.07451206754991052,3.0039244848299984,3.1242920993387724,-0.8593882466915781
2024-02-21,-0.9758820768735025,15.847775341966976,5.1721385510704705,-4.740437692919109,-0.09138151452494006,5.5254072829518925,-0.06345240578383034,0.20710156714167977,3.1832460075636555,3.00965142372743,-0.6762669340827554
2024-02-22,-0.7694300657797688,15.81715015414385,5.147261895478999,-4.7130581007932575,-0.09281312526601612,5.580961469103636,-0.04219945972286041,0.3140151352892803,3.0946499901955526,3.0584748965326787,-0.7810841148029454
2024-02-23,-1.7661828096674634,15.36705330135942,5.135162528438782,-4.905286170717541,-0.182746057655221,5.344141084515995,0.4369236152575987,0.463601656055393,3.158310665834013,3.082983093497095,-0.8573685221333144
2024-02-26,-1.2670485165090821,15.841621336889274,5.428865203811701,-4.944969111388959,-0.3288329223880564,5.569656704838044,0.21790077050572812,0.5214093847704955,3.029711427592999,3.2552846911502042,-0.8006892759505169
2024-02-27,-0.5995975087987059,16.313050582664943,5.436247815014871,-4.92059175958415,-0.2578261049344413,5.833757218424708,-0.08563035618282969,0.5020727108027969,3.0542927147631596,3.436300561407962,-0.7909309724816865
2024-02-28,-0.290603522930734,16.49313538584289,5.410014907181503,-4.939990980158084,-0.4249287044476927,5.9251021760557325,-0.2058447688933041,0.40175133314345857,2.8617557784704477,3.6104500057349496,-0.705237638890343
2024-02-29,-0.371441231250988,16.6973408633381,5.826310596959896,-4.990032990651004,-0.30644713796429845,5.975641501636755,-0.09514260567850989,0.6422187026951157,2.9892231906616047,3.403209848948312,-0.6540452144023446
